Workbook

Sheet Sheet4
A1: ID | B1: Session | C1: Drug | D1: StimOrder | E1: AttrLevel | F1: DatabaseRating | G1: Gaze2 | H1: GazeDirection | I1: FaceGender | J1: Stim | K1: Rating | L1: Date
A2: 101 | B2: 1 | C2: morphine | D2: 2 | E2: 1 | F2: 5,16 | G2: A | H2: R | I2: F | J2: F067R.jpg | K2: 17.9148 | L2: 01-30-2012
A3: 101 | B3: 1 | C3: morphine | D3: 3 | E3: 3 | F3: 3,17 | G3: A | H3: L | I3: M | J3: M015L.jpg | K3: 17.11883 | L3: 01-30-2012
A4: 101 | B4: 1 | C4: morphine | D4: 4 | E4: 3 | F4: 2,38 | G4: C | H4: C | I4: F | J4: F011C.jpg | K4: 14.91031 | L4: 01-30-2012
A5: 101 | B5: 1 | C5: morphine | D5: 5 | E5: 1 | F5: 5,41 | G5: A | H5: R | I5: M | J5: M052R.jpg | K5: 21.13229 | L5: 01-30-2012
A6: 101 | B6: 1 | C6: morphine | D6: 6 | E6: 3 | F6: 3 | G6: C | H6: C | I6: F | J6: F113C.jpg | K6: 16.5583 | L6: 01-30-2012
A7: 101 | B7: 1 | C7: morphine | D7: 7 | E7: 2 | F7: 4,69 | G7: A | H7: R | I7: F | J7: F035R.jpg | K7: 19.97758 | L7: 01-30-2012
A8: 101 | B8: 1 | C8: morphine | D8: 8 | E8: 2 | F8: 4,24 | G8: C | H8: C | I8: M | J8: M087C.jpg | K8: 19.50673 | L8: 01-30-2012
A9: 101 | B9: 1 | C9: morphine | D9: 9 | E9: 1 | F9: 5,28 | G9: C | H9: C | I9: F | J9: F048C.jpg | K9: 21.97309 | L9: 01-30-2012
A10: 101 | B10: 1 | C10: morphine | D10: 10 | E10: 3 | F10: 3,32 | G10: C | H10: C | I10: F | J10: F030C.jpg | K10: 15.7287 | L10: 01-30-2012
A11: 101 | B11: 1 | C11: morphine | D11: 11 | E11: 1 | F11: 5,16 | G11: C | H11: C | I11: F | J11: F067C.jpg | K11: 17.33184 | L11: 01-30-2012
A12: 101 | B12: 1 | C12: morphine | D12: 12 | E12: 2 | F12: 4,08 | G12: C | H12: C | I12: M | J12: M029C.jpg | K12: 20.20179 | L12: 01-30-2012
A13: 101 | B13: 1 | C13: morphine | D13: 13 | E13: 3 | F13: 3,17 | G13: C | H13: C | I13: M | J13: M015C.jpg | K13: 15.45964 | L13: 01-30-2012
A14: 101 | B14: 1 | C14: morphine | D14: 14 | E14: 1 | F14: 5,28 | G14: A | H14: L | I14: F | J14: F048L.jpg | K14: 21.93946 | L14: 01-30-2012
A15: 101 | B15: 1 | C15: morphine | D15: 15 | E15: 2 | F15: 4,24 | G15: A | H15: R | I15: M | J15: M087R.jpg | K15: 19.34978 | L15: 01-30-2012
A16: 101 | B16: 1 | C16: morphine | D16: 16 | E16: 2 | F16: 4,45 | G16: C | H16: C | I16: M | J16: M049C.jpg | K16: 19.70852 | L16: 01-30-2012
A17: 101 | B17: 1 | C17: morphine | D17: 17 | E17: 1 | F17: 6,44 | G17: A | H17: R | I17: F | J17: F053R.jpg | K17: 20.70628 | L17: 01-30-2012
A18: 101 | B18: 1 | C18: morphine | D18: 18 | E18: 2 | F18: 4,45 | G18: A | H18: L | I18: M | J18: M049L.jpg | K18: 19.24888 | L18: 01-30-2012
... A29: 101 | B29: 1 | C29: morphine | D29: 29 | E29: 3 | F29: 3,01 | G29: A | H29: R | I29: M | J29: M014R.jpg | K29: 15.87444 | L29: 01-30-2012
A30: 101 | B30: 1 | C30: morphine | D30: 30 | E30: 3 | F30: 3 | G30: A | H30: R | I30: F | J30: F113R.jpg | K30: 15.52691 | L30: 01-30-2012
A31: 101 | B31: 1 | C31: morphine | D31: 31 | E31: 2 | F31: 5,02 | G31: C | H31: C | I31: F | J31: F021C.jpg | K31: 18.47534 | L31: 01-30-2012
A32: 101 | B32: 1 | C32: morphine | D32: 32 | E32: 1 | F32: 4,72 | G32: A | H32: R | I32: M | J32: M009R.jpg | K32: 18.31839 | L32: 01-30-2012
A33: 101 | B33: 1 | C33: morphine | D33: 33 | E33: 3 | F33: 3,01 | G33: C | H33: C | I33: M | J33: M014C.jpg | K33: 16.78251 | L33: 01-30-2012
A34: 101 | B34: 1 | C34: morphine | D34: 34 | E34: 3 | F34: 2,38 | G34: A | H34: L | I34: F | J34: F011L.jpg | K34: 14.76457 | L34: 01-30-2012
A35: 101 | B35: 1 | C35: morphine | D35: 35 | E35: 3 | F35: 2,53 | G35: A | H35: L | I35: M | J35: M089L.jpg | K35: 15.04484 | L35: 01-30-2012
A36: 101 | B36: 1 | C36: morphine | D36: 36 | E36: 2 | F36: 3,84 | G36: C | H36: C | I36: M | J36: M079C.jpg | K36: 16.39013 | L36: 01-30-2012
A37: 101 | B37: 1 | C37: morphine | D37: 37 | E37: 1 | F37: 4,93 | G37: A | H37: L | I37: M | J37: M022L.jpg | K37: 19.96637 | L37: 01-30-2012
A38: 101 | B38: 1 | C38: morphine | D38: 38 | E38: 2 | F38: 4,69 | G38: C | H38: C | I38: F | J38: F035C.jpg | K38: 20.40359 | L38: 01-30-2012
A39: 101 | B39: 1 | C39: morphine | D39: 39 | E39: 2 | F39: 4,98 | G39: A | H39: R | I39: F | J39: F063R.jpg | K39: 19.50673 | L39: 01-30-2012
A40: 101 | B40: 1 | C40: morphine | D40: 40 | E40: 1 | F40: 4,93 | G40: C | H40: C | I40: M | J40: M022C.jpg | K40: 20.59417 | L40: 01-30-2012
A41: 101 | B41: 1 | C41: morphine | D41: 41 | E41: 1 | F41: 5,41 | G41: C | H41: C | I41: M | J41: M052C.jpg | K41: 21.54708 | L41: 01-30-2012
A42: 101 | B42: 2 | C42: placebo | D42: 2 | E42: 3 | F42: 3,41 | G42: A | H42: L | I42: F | J42: F077L.jpg | K42: 15.42601 | L42: 41092
A43: 101 | B43: 2 | C43: placebo | D43: 3 | E43: 2 | F43: 4,48 | G43: C | H43: C | I43: M | J43: M050C.jpg | K43: 16.7713 | L43: 41092
A44: 101 | B44: 2 | C44: placebo | D44: 4 | E44: 3 | F44: 2,75 | G44: A | H44: L | I44: M | J44: M036L.jpg | K44: 14.51794 | L44: 41092
A45: 101 | B45: 2 | C45: placebo | D45: 5 | E45: 1 | F45: 4,82 | G45: A | H45: L | I45: M | J45: M023L.jpg | K45: 20.03363 | L45: 41092
A46: 101 | B46: 2 | C46: placebo | D46: 6 | E46: 3 | F46: 3,41 | G46: C | H46: C | I46: F | J46: F077C.jpg | K46: 15.61659 | L46: 41092
A47: 101 | B47: 2 | C47: placebo | D47: 7 | E47: 1 | F47: 6,28 | G47: C | H47: C | I47: F | J47: F074C.jpg | K47: 20.43722 | L47: 41092
A48: 101 | B48: 2 | C48: placebo | D48: 8 | E48: 1 | F48: 5,12 | G48: A | H48: R | I48: M | J48: M035R.jpg | K48: 18.55381 | L48: 41092
A49: 101 | B49: 2 | C49: placebo | D49: 9 | E49: 3 | F49: 3,23 | G49: A | H49: L | I49: M | J49: M034L.jpg | K49: 15.57175 | L49: 41092
A50: 101 | B50: 2 | C50: placebo | D50: 10 | E50: 3 | F50: 2,75 | G50: C | H50: C | I50: M | J50: M036C.jpg | K50: 14.76457 | L50: 41092
A51: 101 | B51: 2 | C51: placebo | D51: 11 | E51: 3 | F51: 3,02 | G51: A | H51: R | I51: F | J51: F111R.jpg | K51: 17.5 | L51: 41092
A52: 101 | B52: 2 | C52: placebo | D52: 12 | E52: 2 | F52: 5,01 | G52: A | H52: R | I52: F | J52: F057R.jpg | K52: 18.92377 | L52: 41092
A53: 101 | B53: 2 | C53: placebo | D53: 13 | E53: 1 | F53: 5,63 | G53: A | H53: L | I53: F | J53: F105L.jpg | K53: 17.92601 | L53: 41092
... A81: 101 | B81: 2 | C81: placebo | D81: 41 | E81: 2 | F81: 5,2 | G81: C | H81: C | I81: F | J81: F006C.jpg | K81: 19.63004 | L81: 41092
A82: 101 | B82: 3 | C82: naltrexone | D82: 2 | E82: 1 | F82: 4,92 | G82: C | H82: C | I82: M | J82: M065C.jpg | K82: 20.44843 | L82: 02-16-2012
A83: 101 | B83: 3 | C83: naltrexone | D83: 3 | E83: 2 | F83: 3,81 | G83: A | H83: R | I83: M | J83: M027R.jpg | K83: 16.09865 | L83: 02-16-2012
A84: 101 | B84: 3 | C84: naltrexone | D84: 4 | E84: 3 | F84: 3,14 | G84: C | H84: C | I84: F | J84: F071C.jpg | K84: 16.08744 | L84: 02-16-2012
A85: 101 | B85: 3 | C85: naltrexone | D85: 5 | E85: 1 | F85: 4,92 | G85: A | H85: L | I85: M | J85: M065L.jpg | K85: 20.66143 | L85: 02-16-2012
A86: 101 | B86: 3 | C86: naltrexone | D86: 6 | E86: 1 | F86: 5,55 | G86: A | H86: R | I86: F | J86: F075R.jpg | K86: 17.17489 | L86: 02-16-2012
A87: 101 | B87: 3 | C87: naltrexone | D87: 7 | E87: 3 | F87: 3,14 | G87: A | H87: R | I87: F | J87: F071R.jpg | K87: 18.09417 | L87: 02-16-2012
A88: 101 | B88: 3 | C88: naltrexone | D88: 8 | E88: 1 | F88: 5,58 | G88: C | H88: C | I88: F | J88: F040C.jpg | K88: 20.06726 | L88: 02-16-2012
A89: 101 | B89: 3 | C89: naltrexone | D89: 9 | E89: 2 | F89: 4,74 | G89: A | H89: L | I89: F | J89: F066L.jpg | K89: 20.66143 | L89: 02-16-2012
A90: 101 | B90: 3 | C90: naltrexone | D90: 10 | E90: 3 | F90: 3,07 | G90: A | H90: R | I90: M | J90: M024R.jpg | K90: 15.12332 | L90: 02-16-2012
A91: 101 | B91: 3 | C91: naltrexone | D91: 11 | E91: 2 | F91: 5,03 | G91: C | H91: C | I91: F | J91: F115C.jpg | K91: 18.50897 | L91: 02-16-2012
A92: 101 | B92: 3 | C92: naltrexone | D92: 12 | E92: 1 | F92: 4,62 | G92: C | H92: C | I92: M | J92: M054C.jpg | K92: 19.84305 | L92: 02-16-2012
A93: 101 | B93: 3 | C93: naltrexone | D93: 13 | E93: 3 | F93: 3,37 | G93: A | H93: L | I93: M | J93: M048L.jpg | K93: 16.83857 | L93: 02-16-2012
... A161: 102 | B161: 1 | C161: morphine | D161: 41 | E161: 3 | F161: 2,37 | G161: C | H161: C | I161: F | J161: F110C.jpg | K161: 13.87892 | L161: 01-30-2012
A162: 102 | B162: 2 | C162: naltrexone | D162: 2 | E162: 3 | F162: 3,05 | G162: C | H162: C | I162: M | J162: M016C.jpg | K162: 14.41704 | L162: 41062
A163: 102 | B163: 2 | C163: naltrexone | D163: 3 | E163: 3 | F163: 2,72 | G163: C | H163: C | I163: F | J163: F090C.jpg | K163: 14.60762 | L163: 41062
A164: 102 | B164: 2 | C164: naltrexone | D164: 4 | E164: 1 | F164: 5,16 | G164: C | H164: C | I164: M | J164: M091C.jpg | K164: 19.10314 | L164: 41062
A165: 102 | B165: 2 | C165: naltrexone | D165: 5 | E165: 1 | F165: 5,5 | G165: C | H165: C | I165: F | J165: F084C.jpg | K165: 17.24215 | L165: 41062
A166: 102 | B166: 2 | C166: naltrexone | D166: 6 | E166: 2 | F166: 4,88 | G166: C | H166: C | I166: F | J166: F083C.jpg | K166: 16.65919 | L166: 41062
A167: 102 | B167: 2 | C167: naltrexone | D167: 7 | E167: 3 | F167: 3,53 | G167: A | H167: L | I167: F | J167: F092L.jpg | K167: 15.99776 | L167: 41062
A168: 102 | B168: 2 | C168: naltrexone | D168: 8 | E168: 2 | F168: 4,73 | G168: A | H168: L | I168: F | J168: F099L.jpg | K168: 15.79596 | L168: 41062
A169: 102 | B169: 2 | C169: naltrexone | D169: 9 | E169: 3 | F169: 3,05 | G169: A | H169: R | I169: M | J169: M016R.jpg | K169: 14.3722 | L169: 41062
A170: 102 | B170: 2 | C170: naltrexone | D170: 10 | E170: 1 | F170: 5,76 | G170: C | H170: C | I170: F | J170: F069C.jpg | K170: 17.04036 | L170: 41062
A171: 102 | B171: 2 | C171: naltrexone | D171: 11 | E171: 1 | F171: 4,6 | G171: C | H171: C | I171: M | J171: M072C.jpg | K171: 14.8991 | L171: 41062
A172: 102 | B172: 2 | C172: naltrexone | D172: 12 | E172: 2 | F172: 4,34 | G172: A | H172: R | I172: M | J172: M028R.jpg | K172: 18.03812 | L172: 41062
A173: 102 | B173: 2 | C173: naltrexone | D173: 13 | E173: 2 | F173: 4,15 | G173: C | H173: C | I173: M | J173: M088C.jpg | K173: 15.88565 | L173: 41062
... A201: 102 | B201: 2 | C201: naltrexone | D201: 41 | E201: 1 | F201: 4,84 | G201: C | H201: C | I201: M | J201: M090C.jpg | K201: 14.82063 | L201: 41062
A202: 102 | B202: 3 | C202: placebo | D202: 2 | E202: 1 | F202: 6,04 | G202: A | H202: R | I202: M | J202: M084R.jpg | K202: 18.72197 | L202: 02-13-2012
A203: 102 | B203: 3 | C203: placebo | D203: 3 | E203: 3 | F203: 3,2 | G203: C | H203: C | I203: M | J203: M064C.jpg | K203: 14.48431 | L203: 02-13-2012
A204: 102 | B204: 3 | C204: placebo | D204: 4 | E204: 3 | F204: 3,02 | G204: C | H204: C | I204: F | J204: F085C.jpg | K204: 14.40583 | L204: 02-13-2012
A205: 102 | B205: 3 | C205: placebo | D205: 5 | E205: 3 | F205: 2,56 | G205: A | H205: L | I205: F | J205: F100L.jpg | K205: 14.77578 | L205: 02-13-2012
A206: 102 | B206: 3 | C206: placebo | D206: 6 | E206: 2 | F206: 5,19 | G206: A | H206: L | I206: F | J206: F003L.jpg | K206: 17.70179 | L206: 02-13-2012
A207: 102 | B207: 3 | C207: placebo | D207: 7 | E207: 1 | F207: 5,58 | G207: C | H207: C | I207: F | J207: F051C.jpg | K207: 15.65022 | L207: 02-13-2012
A208: 102 | B208: 3 | C208: placebo | D208: 8 | E208: 3 | F208: 2,56 | G208: C | H208: C | I208: F | J208: F100C.jpg | K208: 14.98879 | L208: 02-13-2012
A209: 102 | B209: 3 | C209: placebo | D209: 9 | E209: 3 | F209: 3,02 | G209: A | H209: R | I209: F | J209: F085R.jpg | K209: 13.87892 | L209: 02-13-2012
A210: 102 | B210: 3 | C210: placebo | D210: 10 | E210: 1 | F210: 5,08 | G210: A | H210: L | I210: M | J210: M002L.jpg | K210: 15.54933 | L210: 02-13-2012
A211: 102 | B211: 3 | C211: placebo | D211: 11 | E211: 1 | F211: 5,37 | G211: A | H211: R | I211: F | J211: F042R.jpg | K211: 20.50448 | L211: 02-13-2012
A212: 102 | B212: 3 | C212: placebo | D212: 12 | E212: 3 | F212: 3,39 | G212: A | H212: L | I212: F | J212: F023L.jpg | K212: 13.01569 | L212: 02-13-2012
A213: 102 | B213: 3 | C213: placebo | D213: 13 | E213: 3 | F213: 1,97 | G213: A | H213: L | I213: M | J213: M025L.jpg | K213: 13.11659 | L213: 02-13-2012
... A216: 102 | B216: 3 | C216: placebo | D216: 16 | E216: 2 | F216: 3,99 | G216: C | H216: C | I216: M | J216: M086C.jpg | K216: 16.9843 | L216: 02-13-2012
A217: 102 | B217: 3 | C217: placebo | D217: 17 | E217: 2 | F217: 5 | G217: A | H217: R | I217: F | J217: F012R.jpg | K217: 18.45292 | L217: 02-13-2012
A218: 102 | B218: 3 | C218: placebo | D218: 18 | E218: 2 | F218: 4,14 | G218: C | H218: C | I218: M | J218: M071C.jpg | K218: 16.12108 | L218: 02-13-2012
A219: 102 | B219: 3 | C219: placebo | D219: 19 | E219: 2 | F219: 4,47 | G219: C | H219: C | I219: M | J219: M004C.jpg | K219: 16.97309 | L219: 02-13-2012
A220: 102 | B220: 3 | C220: placebo | D220: 20 | E220: 1 | F220: 6,19 | G220: A | H220: R | I220: F | J220: F080R.jpg | K220: 17.23094 | L220: 02-13-2012
A221: 102 | B221: 3 | C221: placebo | D221: 21 | E221: 3 | F221: 3,01 | G221: C | H221: C | I221: M | J221: M068C.jpg | K221: 18.47534 | L221: 02-13-2012
A222: 102 | B222: 3 | C222: placebo | D222: 22 | E222: 2 | F222: 4,81 | G222: C | H222: C | I222: F | J222: F068C.jpg | K222: 13.39686 | L222: 02-13-2012
A223: 102 | B223: 3 | C223: placebo | D223: 23 | E223: 2 | F223: 4,47 | G223: A | H223: L | I223: M | J223: M004L.jpg | K223: 17.27579 | L223: 02-13-2012
A224: 102 | B224: 3 | C224: placebo | D224: 24 | E224: 3 | F224: 1,97 | G224: C | H224: C | I224: M | J224: M025C.jpg | K224: 13.01569 | L224: 02-13-2012
A225: 102 | B225: 3 | C225: placebo | D225: 25 | E225: 1 | F225: 5,08 | G225: C | H225: C | I225: M | J225: M002C.jpg | K225: 15.22422 | L225: 02-13-2012
A226: 102 | B226: 3 | C226: placebo | D226: 26 | E226: 1 | F226: 6,19 | G226: C | H226: C | I226: F | J226: F080C.jpg | K226: 16.34529 | L226: 02-13-2012
A227: 102 | B227: 3 | C227: placebo | D227: 27 | E227: 1 | F227: 4,72 | G227: A | H227: R | I227: M | J227: M058R.jpg | K227: 15.93049 | L227: 02-13-2012
A228: 102 | B228: 3 | C228: placebo | D228: 28 | E228: 2 | F228: 4,25 | G228: A | H228: R | I228: M | J228: M021R.jpg | K228: 14.34978 | L228: 02-13-2012
A229: 102 | B229: 3 | C229: placebo | D229: 29 | E229: 3 | F229: 3,39 | G229: C | H229: C | I229: F | J229: F023C.jpg | K229: 13.07175 | L229: 02-13-2012
... A238: 102 | B238: 3 | C238: placebo | D238: 38 | E238: 2 | F238: 4,14 | G238: A | H238: L | I238: M | J238: M071L.jpg | K238: 14.6861 | L238: 02-13-2012
A239: 102 | B239: 3 | C239: placebo | D239: 39 | E239: 2 | F239: 5 | G239: C | H239: C | I239: F | J239: F012C.jpg | K239: 17.29821 | L239: 02-13-2012
A240: 102 | B240: 3 | C240: placebo | D240: 40 | E240: 3 | F240: 3,01 | G240: A | H240: R | I240: M | J240: M068R.jpg | K240: 18.87892 | L240: 02-13-2012
A241: 102 | B241: 3 | C241: placebo | D241: 41 | E241: 2 | F241: 4,81 | G241: A | H241: L | I241: F | J241: F068L.jpg | K241: 13.09417 | L241: 02-13-2012
...

Sheet rawdataForGLM (2)
A1: ImageList | B1: ID | C1: Session | D1: Drug | E1: StimOrder | F1: AttrLevel | G1: DatabaseRating | H1: Gaze2 | I1: GazeDirection | J1: FaceGender | K1: Stim | L1: Rating | M1: Date | N1: Mean session | O1: Demeaned | P1: =MIN(O:O) -> -5.7636995 | Q1: pos demean
A2: Picture_L_1A | B2: 101 | C2: 1 | D2: A | E2: 1 | F2: 0 | G2: 0 | H2: 0 | I2: 0 | J2: 0 | K2: M093C.jpg | L2: 20.33632 | M2: 01-30-2012 | N2: =AVERAGEIFS(L:L,B:B,B2,C:C,C2) -> 18.511703 | O2: =L2-N2 -> 1.8246173
A3: Picture_L_1A | B3: 101 | C3: 1 | D3: A | E3: 2 | F3: 1 | G3: 5.16 | H3: A | I3: R | J3: F | K3: F067R.jpg | L3: 17.9148 | M3: 01-30-2012 | N3: =AVERAGEIFS(L:L,B:B,B3,C:C,C3) -> 18.511703 | O3: =L3-N3 -> -0.59690268 | Q3: =O3-P$1 -> 5.1667968
A4: Picture_L_1A | B4: 101 | C4: 1 | D4: A | E4: 3 | F4: 3 | G4: 3.17 | H4: A | I4: L | J4: M | K4: M015L.jpg | L4: 17.11883 | M4: 01-30-2012 | N4: =AVERAGEIFS(L:L,B:B,B4,C:C,C4) -> 18.511703 | O4: =L4-N4 -> -1.3928727
A5: Picture_L_1A | B5: 101 | C5: 1 | D5: A | E5: 4 | F5: 3 | G5: 2.38 | H5: C | I5: C | J5: F | K5: F011C.jpg | L5: 14.91031 | M5: 01-30-2012 | N5: =AVERAGEIFS(L:L,B:B,B5,C:C,C5) -> 18.511703 | O5: =L5-N5 -> -3.6013927 | Q5: =O5-P$1 -> 2.1623068
A6: Picture_L_1A | B6: 101 | C6: 1 | D6: A | E6: 5 | F6: 1 | G6: 5.41 | H6: A | I6: R | J6: M | K6: M052R.jpg | L6: 21.13229 | M6: 01-30-2012 | N6: =AVERAGEIFS(L:L,B:B,B6,C:C,C6) -> 18.511703 | O6: =L6-N6 -> 2.6205873
A7: Picture_L_1A | B7: 101 | C7: 1 | D7: A | E7: 6 | F7: 3 | G7: 3 | H7: C | I7: C | J7: F | K7: F113C.jpg | L7: 16.5583 | M7: 01-30-2012 | N7: =AVERAGEIFS(L:L,B:B,B7,C:C,C7) -> 18.511703 | O7: =L7-N7 -> -1.9534027 | Q7: =O7-P$1 -> 3.8102968
A8: Picture_L_1A | B8: 101 | C8: 1 | D8: A | E8: 7 | F8: 2 | G8: 4.69 | H8: A | I8: R | J8: F | K8: F035R.jpg | L8: 19.97758 | M8: 01-30-2012 | N8: =AVERAGEIFS(L:L,B:B,B8,C:C,C8) -> 18.511703 | O8: =L8-N8 -> 1.4658773 | Q8: =O8-P$1 -> 7.2295768
A9: Picture_L_1A | B9: 101 | C9: 1 | D9: A | E9: 8 | F9: 2 | G9: 4.24 | H9: C | I9: C | J9: M | K9: M087C.jpg | L9: 19.50673 | M9: 01-30-2012 | N9: =AVERAGEIFS(L:L,B:B,B9,C:C,C9) -> 18.511703 | O9: =L9-N9 -> 0.99502732
A10: Picture_L_1A | B10: 101 | C10: 1 | D10: A | E10: 9 | F10: 1 | G10: 5.28 | H10: C | I10: C | J10: F | K10: F048C.jpg | L10: 21.97309 | M10: 01-30-2012 | N10: =AVERAGEIFS(L:L,B:B,B10,C:C,C10) -> 18.511703 | O10: =L10-N10 -> 3.4613873 | Q10: =O10-P$1 -> 9.2250868
A11: Picture_L_1A | B11: 101 | C11: 1 | D11: A | E11: 10 | F11: 3 | G11: 3.32 | H11: C | I11: C | J11: F | K11: F030C.jpg | L11: 15.7287 | M11: 01-30-2012 | N11: =AVERAGEIFS(L:L,B:B,B11,C:C,C11) -> 18.511703 | O11: =L11-N11 -> -2.7830027 | Q11: =O11-P$1 -> 2.9806968
A12: Picture_L_1A | B12: 101 | C12: 1 | D12: A | E12: 11 | F12: 1 | G12: 5.16 | H12: C | I12: C | J12: F | K12: F067C.jpg | L12: 17.33184 | M12: 01-30-2012 | N12: =AVERAGEIFS(L:L,B:B,B12,C:C,C12) -> 18.511703 | O12: =L12-N12 -> -1.1798627 | Q12: =O12-P$1 -> 4.5838368
A13: Picture_L_1A | B13: 101 | C13: 1 | D13: A | E13: 12 | F13: 2 | G13: 4.08 | H13: C | I13: C | J13: M | K13: M029C.jpg | L13: 20.20179 | M13: 01-30-2012 | N13: =AVERAGEIFS(L:L,B:B,B13,C:C,C13) -> 18.511703 | O13: =L13-N13 -> 1.6900873
A14: Picture_L_1A | B14: 101 | C14: 1 | D14: A | E14: 13 | F14: 3 | G14: 3.17 | H14: C | I14: C | J14: M | K14: M015C.jpg | L14: 15.45964 | M14: 01-30-2012 | N14: =AVERAGEIFS(L:L,B:B,B14,C:C,C14) -> 18.511703 | O14: =L14-N14 -> -3.0520627
A15: Picture_L_1A | B15: 101 | C15: 1 | D15: A | E15: 14 | F15: 1 | G15: 5.28 | H15: A | I15: L | J15: F | K15: F048L.jpg | L15: 21.93946 | M15: 01-30-2012 | N15: =AVERAGEIFS(L:L,B:B,B15,C:C,C15) -> 18.511703 | O15: =L15-N15 -> 3.4277573 | Q15: =O15-P$1 -> 9.1914568
A16: Picture_L_1A | B16: 101 | C16: 1 | D16: A | E16: 15 | F16: 2 | G16: 4.24 | H16: A | I16: R | J16: M | K16: M087R.jpg | L16: 19.34978 | M16: 01-30-2012 | N16: =AVERAGEIFS(L:L,B:B,B16,C:C,C16) -> 18.511703 | O16: =L16-N16 -> 0.83807732
A17: Picture_L_1A | B17: 101 | C17: 1 | D17: A | E17: 16 | F17: 2 | G17: 4.45 | H17: C | I17: C | J17: M | K17: M049C.jpg | L17: 19.70852 | M17: 01-30-2012 | N17: =AVERAGEIFS(L:L,B:B,B17,C:C,C17) -> 18.511703 | O17: =L17-N17 -> 1.1968173
A18: Picture_L_1A | B18: 101 | C18: 1 | D18: A | E18: 17 | F18: 1 | G18: 6.44 | H18: A | I18: R | J18: F | K18: F053R.jpg | L18: 20.70628 | M18: 01-30-2012 | N18: =AVERAGEIFS(L:L,B:B,B18,C:C,C18) -> 18.511703 | O18: =L18-N18 -> 2.1945773 | Q18: =O18-P$1 -> 7.9582768
A19: Picture_L_1A | B19: 101 | C19: 1 | D19: A | E19: 18 | F19: 2 | G19: 4.45 | H19: A | I19: L | J19: M | K19: M049L.jpg | L19: 19.24888 | M19: 01-30-2012 | N19: =AVERAGEIFS(L:L,B:B,B19,C:C,C19) -> 18.511703 | O19: =L19-N19 -> 0.73717732
A20: Picture_L_1A | B20: 101 | C20: 1 | D20: A | E20: 19 | F20: 2 | G20: 4.8 | H20: C | I20: C | J20: F | K20: F056C.jpg | L20: 19.42825 | M20: 01-30-2012 | N20: =AVERAGEIFS(L:L,B:B,B20,C:C,C20) -> 18.511703 | O20: =L20-N20 -> 0.91654732 | Q20: =O20-P$1 -> 6.6802468
A21: Picture_L_1A | B21: 101 | C21: 1 | D21: A | E21: 20 | F21: 3 | G21: 3.32 | H21: A | I21: L | J21: F | K21: F030L.jpg | L21: 15.36996 | M21: 01-30-2012 | N21: =AVERAGEIFS(L:L,B:B,B21,C:C,C21) -> 18.511703 | O21: =L21-N21 -> -3.1417427 | Q21: =O21-P$1 -> 2.6219568
A22: Picture_L_1A | B22: 101 | C22: 1 | D22: A | E22: 21 | F22: 2 | G22: 5.02 | H22: A | I22: L | J22: F | K22: F021L.jpg | L22: 19.1704 | M22: 01-30-2012 | N22: =AVERAGEIFS(L:L,B:B,B22,C:C,C22) -> 18.511703 | O22: =L22-N22 -> 0.65869732 | Q22: =O22-P$1 -> 6.4223968
A23: Picture_L_1A | B23: 101 | C23: 1 | D23: A | E23: 22 | F23: 2 | G23: 4.8 | H23: A | I23: L | J23: F | K23: F056L.jpg | L23: 19.02466 | M23: 01-30-2012 | N23: =AVERAGEIFS(L:L,B:B,B23,C:C,C23) -> 18.511703 | O23: =L23-N23 -> 0.51295732 | Q23: =O23-P$1 -> 6.2766568
A24: Picture_L_1A | B24: 101 | C24: 1 | D24: A | E24: 23 | F24: 2 | G24: 3.84 | H24: A | I24: R | J24: M | K24: M079R.jpg | L24: 17.98206 | M24: 01-30-2012 | N24: =AVERAGEIFS(L:L,B:B,B24,C:C,C24) -> 18.511703 | O24: =L24-N24 -> -0.52964268
A25: Picture_L_1A | B25: 101 | C25: 1 | D25: A | E25: 24 | F25: 3 | G25: 2.53 | H25: C | I25: C | J25: M | K25: M089C.jpg | L25: 17.32063 | M25: 01-30-2012 | N25: =AVERAGEIFS(L:L,B:B,B25,C:C,C25) -> 18.511703 | O25: =L25-N25 -> -1.1910727
A26: Picture_L_1A | B26: 101 | C26: 1 | D26: A | E26: 25 | F26: 2 | G26: 4.08 | H26: A | I26: L | J26: M | K26: M029L.jpg | L26: 20.84081 | M26: 01-30-2012 | N26: =AVERAGEIFS(L:L,B:B,B26,C:C,C26) -> 18.511703 | O26: =L26-N26 -> 2.3291073
A27: Picture_L_1A | B27: 101 | C27: 1 | D27: A | E27: 26 | F27: 2 | G27: 4.98 | H27: C | I27: C | J27: F | K27: F063C.jpg | L27: 18.16143 | M27: 01-30-2012 | N27: =AVERAGEIFS(L:L,B:B,B27,C:C,C27) -> 18.511703 | O27: =L27-N27 -> -0.35027268 | Q27: =O27-P$1 -> 5.4134268
A28: Picture_L_1A | B28: 101 | C28: 1 | D28: A | E28: 27 | F28: 1 | G28: 4.72 | H28: C | I28: C | J28: M | K28: M009C.jpg | L28: 18.29596 | M28: 01-30-2012 | N28: =AVERAGEIFS(L:L,B:B,B28,C:C,C28) -> 18.511703 | O28: =L28-N28 -> -0.21574268
A29: Picture_L_1A | B29: 101 | C29: 1 | D29: A | E29: 28 | F29: 1 | G29: 6.44 | H29: C | I29: C | J29: F | K29: F053C.jpg | L29: 21.08744 | M29: 01-30-2012 | N29: =AVERAGEIFS(L:L,B:B,B29,C:C,C29) -> 18.511703 | O29: =L29-N29 -> 2.5757373 | Q29: =O29-P$1 -> 8.3394368
A30: Picture_L_1A | B30: 101 | C30: 1 | D30: A | E30: 29 | F30: 3 | G30: 3.01 | H30: A | I30: R | J30: M | K30: M014R.jpg | L30: 15.87444 | M30: 01-30-2012 | N30: =AVERAGEIFS(L:L,B:B,B30,C:C,C30) -> 18.511703 | O30: =L30-N30 -> -2.6372627
A31: Picture_L_1A | B31: 101 | C31: 1 | D31: A | E31: 30 | F31: 3 | G31: 3 | H31: A | I31: R | J31: F | K31: F113R.jpg | L31: 15.52691 | M31: 01-30-2012 | N31: =AVERAGEIFS(L:L,B:B,B31,C:C,C31) -> 18.511703 | O31: =L31-N31 -> -2.9847927 | Q31: =O31-P$1 -> 2.7789068
A32: Picture_L_1A | B32: 101 | C32: 1 | D32: A | E32: 31 | F32: 2 | G32: 5.02 | H32: C | I32: C | J32: F | K32: F021C.jpg | L32: 18.47534 | M32: 01-30-2012 | N32: =AVERAGEIFS(L:L,B:B,B32,C:C,C32) -> 18.511703 | O32: =L32-N32 -> -0.036362683 | Q32: =O32-P$1 -> 5.7273368
A33: Picture_L_1A | B33: 101 | C33: 1 | D33: A | E33: 32 | F33: 1 | G33: 4.72 | H33: A | I33: R | J33: M | K33: M009R.jpg | L33: 18.31839 | M33: 01-30-2012 | N33: =AVERAGEIFS(L:L,B:B,B33,C:C,C33) -> 18.511703 | O33: =L33-N33 -> -0.19331268
A34: Picture_L_1A | B34: 101 | C34: 1 | D34: A | E34: 33 | F34: 3 | G34: 3.01 | H34: C | I34: C | J34: M | K34: M014C.jpg | L34: 16.78251 | M34: 01-30-2012 | N34: =AVERAGEIFS(L:L,B:B,B34,C:C,C34) -> 18.511703 | O34: =L34-N34 -> -1.7291927
A35: Picture_L_1A | B35: 101 | C35: 1 | D35: A | E35: 34 | F35: 3 | G35: 2.38 | H35: A | I35: L | J35: F | K35: F011L.jpg | L35: 14.76457 | M35: 01-30-2012 | N35: =AVERAGEIFS(L:L,B:B,B35,C:C,C35) -> 18.511703 | O35: =L35-N35 -> -3.7471327 | Q35: =O35-P$1 -> 2.0165668
A36: Picture_L_1A | B36: 101 | C36: 1 | D36: A | E36: 35 | F36: 3 | G36: 2.53 | H36: A | I36: L | J36: M | K36: M089L.jpg | L36: 15.04484 | M36: 01-30-2012 | N36: =AVERAGEIFS(L:L,B:B,B36,C:C,C36) -> 18.511703 | O36: =L36-N36 -> -3.4668627
A37: Picture_L_1A | B37: 101 | C37: 1 | D37: A | E37: 36 | F37: 2 | G37: 3.84 | H37: C | I37: C | J37: M | K37: M079C.jpg | L37: 16.39013 | M37: 01-30-2012 | N37: =AVERAGEIFS(L:L,B:B,B37,C:C,C37) -> 18.511703 | O37: =L37-N37 -> -2.1215727
A38: Picture_L_1A | B38: 101 | C38: 1 | D38: A | E38: 37 | F38: 1 | G38: 4.93 | H38: A | I38: L | J38: M | K38: M022L.jpg | L38: 19.96637 | M38: 01-30-2012 | N38: =AVERAGEIFS(L:L,B:B,B38,C:C,C38) -> 18.511703 | O38: =L38-N38 -> 1.4546673
A39: Picture_L_1A | B39: 101 | C39: 1 | D39: A | E39: 38 | F39: 2 | G39: 4.69 | H39: C | I39: C | J39: F | K39: F035C.jpg | L39: 20.40359 | M39: 01-30-2012 | N39: =AVERAGEIFS(L:L,B:B,B39,C:C,C39) -> 18.511703 | O39: =L39-N39 -> 1.8918873 | Q39: =O39-P$1 -> 7.6555868
A40: Picture_L_1A | B40: 101 | C40: 1 | D40: A | E40: 39 | F40: 2 | G40: 4.98 | H40: A | I40: R | J40: F | K40: F063R.jpg | L40: 19.50673 | M40: 01-30-2012 | N40: =AVERAGEIFS(L:L,B:B,B40,C:C,C40) -> 18.511703 | O40: =L40-N40 -> 0.99502732 | Q40: =O40-P$1 -> 6.7587268
A41: Picture_L_1A | B41: 101 | C41: 1 | D41: A | E41: 40 | F41: 1 | G41: 4.93 | H41: C | I41: C | J41: M | K41: M022C.jpg | L41: 20.59417 | M41: 01-30-2012 | N41: =AVERAGEIFS(L:L,B:B,B41,C:C,C41) -> 18.511703 | O41: =L41-N41 -> 2.0824673
A42: Picture_L_1A | B42: 101 | C42: 1 | D42: A | E42: 41 | F42: 1 | G42: 5.41 | H42: C | I42: C | J42: M | K42: M052C.jpg | L42: 21.54708 | M42: 01-30-2012 | N42: =AVERAGEIFS(L:L,B:B,B42,C:C,C42) -> 18.511703 | O42: =L42-N42 -> 3.0353773
A43: Picture_L_6B | B43: 102 | C43: 1 | D43: A | E43: 1 | F43: 0 | G43: 0 | H43: 0 | I43: 0 | J43: 0 | K43: F098L.jpg | L43: 13.9574 | M43: 01-30-2012 | N43: =AVERAGEIFS(L:L,B:B,B43,C:C,C43) -> 14.465439 | O43: =L43-N43 -> -0.50803854
A44: Picture_L_6B | B44: 102 | C44: 1 | D44: A | E44: 2 | F44: 2 | G44: 4.37 | H44: A | I44: L | J44: M | K44: M011L.jpg | L44: 14.26009 | M44: 01-30-2012 | N44: =AVERAGEIFS(L:L,B:B,B44,C:C,C44) -> 14.465439 | O44: =L44-N44 -> -0.20534854
A45: Picture_L_6B | B45: 102 | C45: 1 | D45: A | E45: 3 | F45: 1 | G45: 4.66 | H45: C | I45: C | J45: M | K45: M026C.jpg | L45: 14.39462 | M45: 01-30-2012 | N45: =AVERAGEIFS(L:L,B:B,B45,C:C,C45) -> 14.465439 | O45: =L45-N45 -> -0.070818537
A46: Picture_L_6B | B46: 102 | C46: 1 | D46: A | E46: 4 | F46: 2 | G46: 4.94 | H46: A | I46: R | J46: F | K46: F049R.jpg | L46: 15.03363 | M46: 01-30-2012 | N46: =AVERAGEIFS(L:L,B:B,B46,C:C,C46) -> 14.465439 | O46: =L46-N46 -> 0.56819146 | Q46: =O46-P$1 -> 6.331891
A47: Picture_L_6B | B47: 102 | C47: 1 | D47: A | E47: 5 | F47: 2 | G47: 4.04 | H47: A | I47: L | J47: M | K47: M047L.jpg | L47: 13.25112 | M47: 01-30-2012 | N47: =AVERAGEIFS(L:L,B:B,B47,C:C,C47) -> 14.465439 | O47: =L47-N47 -> -1.2143185
A48: Picture_L_6B | B48: 102 | C48: 1 | D48: A | E48: 6 | F48: 2 | G48: 4.94 | H48: C | I48: C | J48: F | K48: F049C.jpg | L48: 14.95516 | M48: 01-30-2012 | N48: =AVERAGEIFS(L:L,B:B,B48,C:C,C48) -> 14.465439 | O48: =L48-N48 -> 0.48972146 | Q48: =O48-P$1 -> 6.253421
A49: Picture_L_6B | B49: 102 | C49: 1 | D49: A | E49: 7 | F49: 2 | G49: 4.68 | H49: C | I49: C | J49: F | K49: F013C.jpg | L49: 14.50673 | M49: 01-30-2012 | N49: =AVERAGEIFS(L:L,B:B,B49,C:C,C49) -> 14.465439 | O49: =L49-N49 -> 0.041291463 | Q49: =O49-P$1 -> 5.804991
A50: Picture_L_6B | B50: 102 | C50: 1 | D50: A | E50: 8 | F50: 3 | G50: 3.25 | H50: C | I50: C | J50: F | K50: F052C.jpg | L50: 13.20628 | M50: 01-30-2012 | N50: =AVERAGEIFS(L:L,B:B,B50,C:C,C50) -> 14.465439 | O50: =L50-N50 -> -1.2591585 | Q50: =O50-P$1 -> 4.504541
A51: Picture_L_6B | B51: 102 | C51: 1 | D51: A | E51: 9 | F51: 1 | G51: 5.35 | H51: A | I51: R | J51: M | K51: M055R.jpg | L51: 16.23318 | M51: 01-30-2012 | N51: =AVERAGEIFS(L:L,B:B,B51,C:C,C51) -> 14.465439 | O51: =L51-N51 -> 1.7677415
A52: Picture_L_6B | B52: 102 | C52: 1 | D52: A | E52: 10 | F52: 3 | G52: 3.37 | H52: C | I52: C | J52: M | K52: M075C.jpg | L52: 13.08296 | M52: 01-30-2012 | N52: =AVERAGEIFS(L:L,B:B,B52,C:C,C52) -> 14.465439 | O52: =L52-N52 -> -1.3824785
A53: Picture_L_6B | B53: 102 | C53: 1 | D53: A | E53: 11 | F53: 3 | G53: 3.37 | H53: A | I53: L | J53: M | K53: M075L.jpg | L53: 13.34081 | M53: 01-30-2012 | N53: =AVERAGEIFS(L:L,B:B,B53,C:C,C53) -> 14.465439 | O53: =L53-N53 -> -1.1246285
A54: Picture_L_6B | B54: 102 | C54: 1 | D54: A | E54: 12 | F54: 1 | G54: 5.35 | H54: C | I54: C | J54: M | K54: M055C.jpg | L54: 16.68161 | M54: 01-30-2012 | N54: =AVERAGEIFS(L:L,B:B,B54,C:C,C54) -> 14.465439 | O54: =L54-N54 -> 2.2161715
A55: Picture_L_6B | B55: 102 | C55: 1 | D55: A | E55: 13 | F55: 2 | G55: 4.75 | H55: A | I55: L | J55: F | K55: F001L.jpg | L55: 14.30493 | M55: 01-30-2012 | N55: =AVERAGEIFS(L:L,B:B,B55,C:C,C55) -> 14.465439 | O55: =L55-N55 -> -0.16050854 | Q55: =O55-P$1 -> 5.603191
A56: Picture_L_6B | B56: 102 | C56: 1 | D56: A | E56: 14 | F56: 2 | G56: 5.04 | H56: C | I56: C | J56: F | K56: F047C.jpg | L56: 13.62108 | M56: 01-30-2012 | N56: =AVERAGEIFS(L:L,B:B,B56,C:C,C56) -> 14.465439 | O56: =L56-N56 -> -0.84435854 | Q56: =O56-P$1 -> 4.919341
A57: Picture_L_6B | B57: 102 | C57: 1 | D57: A | E57: 15 | F57: 1 | G57: 5.86 | H57: C | I57: C | J57: F | K57: F107C.jpg | L57: 15.67265 | M57: 01-30-2012 | N57: =AVERAGEIFS(L:L,B:B,B57,C:C,C57) -> 14.465439 | O57: =L57-N57 -> 1.2072115 | Q57: =O57-P$1 -> 6.970911
A58: Picture_L_6B | B58: 102 | C58: 1 | D58: A | E58: 16 | F58: 3 | G58: 3.16 | H58: C | I58: C | J58: M | K58: M063C.jpg | L58: 12.99327 | M58: 01-30-2012 | N58: =AVERAGEIFS(L:L,B:B,B58,C:C,C58) -> 14.465439 | O58: =L58-N58 -> -1.4721685
A59: Picture_L_6B | B59: 102 | C59: 1 | D59: A | E59: 17 | F59: 1 | G59: 5.86 | H59: A | I59: L | J59: F | K59: F107L.jpg | L59: 16.37892 | M59: 01-30-2012 | N59: =AVERAGEIFS(L:L,B:B,B59,C:C,C59) -> 14.465439 | O59: =L59-N59 -> 1.9134815 | Q59: =O59-P$1 -> 7.677181
A60: Picture_L_6B | B60: 102 | C60: 1 | D60: A | E60: 18 | F60: 1 | G60: 5.56 | H60: A | I60: R | J60: F | K60: F033R.jpg | L60: 16.02018 | M60: 01-30-2012 | N60: =AVERAGEIFS(L:L,B:B,B60,C:C,C60) -> 14.465439 | O60: =L60-N60 -> 1.5547415 | Q60: =O60-P$1 -> 7.318441
A61: Picture_L_6B | B61: 102 | C61: 1 | D61: A | E61: 19 | F61: 3 | G61: 2.92 | H61: C | I61: C | J61: F | K61: F036C.jpg | L61: 13.02691 | M61: 01-30-2012 | N61: =AVERAGEIFS(L:L,B:B,B61,C:C,C61) -> 14.465439 | O61: =L61-N61 -> -1.4385285 | Q61: =O61-P$1 -> 4.325171
A62: Picture_L_6B | B62: 102 | C62: 1 | D62: A | E62: 20 | F62: 3 | G62: 2.99 | H62: C | I62: C | J62: M | K62: M041C.jpg | L62: 13.16144 | M62: 01-30-2012 | N62: =AVERAGEIFS(L:L,B:B,B62,C:C,C62) -> 14.465439 | O62: =L62-N62 -> -1.3039985
A63: Picture_L_6B | B63: 102 | C63: 1 | D63: A | E63: 21 | F63: 2 | G63: 3.84 | H63: A | I63: R | J63: M | K63: M061R.jpg | L63: 13.26233 | M63: 01-30-2012 | N63: =AVERAGEIFS(L:L,B:B,B63,C:C,C63) -> 14.465439 | O63: =L63-N63 -> -1.2031085
A64: Picture_L_6B | B64: 102 | C64: 1 | D64: A | E64: 22 | F64: 2 | G64: 3.84 | H64: C | I64: C | J64: M | K64: M061C.jpg | L64: 13.04933 | M64: 01-30-2012 | N64: =AVERAGEIFS(L:L,B:B,B64,C:C,C64) -> 14.465439 | O64: =L64-N64 -> -1.4161085
A65: Picture_L_6B | B65: 102 | C65: 1 | D65: A | E65: 23 | F65: 2 | G65: 4.68 | H65: A | I65: R | J65: F | K65: F013R.jpg | L65: 13.60987 | M65: 01-30-2012 | N65: =AVERAGEIFS(L:L,B:B,B65,C:C,C65) -> 14.465439 | O65: =L65-N65 -> -0.85556854 | Q65: =O65-P$1 -> 4.908131
A66: Picture_L_6B | B66: 102 | C66: 1 | D66: A | E66: 24 | F66: 2 | G66: 4.75 | H66: C | I66: C | J66: F | K66: F001C.jpg | L66: 16.1435 | M66: 01-30-2012 | N66: =AVERAGEIFS(L:L,B:B,B66,C:C,C66) -> 14.465439 | O66: =L66-N66 -> 1.6780615 | Q66: =O66-P$1 -> 7.441761
A67: Picture_L_6B | B67: 102 | C67: 1 | D67: A | E67: 25 | F67: 1 | G67: 6.98 | H67: A | I67: R | J67: F | K67: F005R.jpg | L67: 18.47534 | M67: 01-30-2012 | N67: =AVERAGEIFS(L:L,B:B,B67,C:C,C67) -> 14.465439 | O67: =L67-N67 -> 4.0099015 | Q67: =O67-P$1 -> 9.773601
A68: Picture_L_6B | B68: 102 | C68: 1 | D68: A | E68: 26 | F68: 1 | G68: 4.92 | H68: C | I68: C | J68: M | K68: M083C.jpg | L68: 15.71749 | M68: 01-30-2012 | N68: =AVERAGEIFS(L:L,B:B,B68,C:C,C68) -> 14.465439 | O68: =L68-N68 -> 1.2520515
A69: Picture_L_6B | B69: 102 | C69: 1 | D69: A | E69: 27 | F69: 3 | G69: 2.99 | H69: A | I69: L | J69: M | K69: M041L.jpg | L69: 13.49776 | M69: 01-30-2012 | N69: =AVERAGEIFS(L:L,B:B,B69,C:C,C69) -> 14.465439 | O69: =L69-N69 -> -0.96767854
A70: Picture_L_6B | B70: 102 | C70: 1 | D70: A | E70: 28 | F70: 2 | G70: 4.04 | H70: C | I70: C | J70: M | K70: M047C.jpg | L70: 13.27354 | M70: 01-30-2012 | N70: =AVERAGEIFS(L:L,B:B,B70,C:C,C70) -> 14.465439 | O70: =L70-N70 -> -1.1918985
A71: Picture_L_6B | B71: 102 | C71: 1 | D71: A | E71: 29 | F71: 2 | G71: 4.23 | H71: C | I71: C | J71: M | K71: M006C.jpg | L71: 14.41704 | M71: 01-30-2012 | N71: =AVERAGEIFS(L:L,B:B,B71,C:C,C71) -> 14.465439 | O71: =L71-N71 -> -0.048398537
A72: Picture_L_6B | B72: 102 | C72: 1 | D72: A | E72: 30 | F72: 3 | G72: 3.16 | H72: A | I72: R | J72: M | K72: M063R.jpg | L72: 13.06054 | M72: 01-30-2012 | N72: =AVERAGEIFS(L:L,B:B,B72,C:C,C72) -> 14.465439 | O72: =L72-N72 -> -1.4048985
A73: Picture_L_6B | B73: 102 | C73: 1 | D73: A | E73: 31 | F73: 3 | G73: 3.25 | H73: A | I73: L | J73: F | K73: F052L.jpg | L73: 13.02691 | M73: 01-30-2012 | N73: =AVERAGEIFS(L:L,B:B,B73,C:C,C73) -> 14.465439 | O73: =L73-N73 -> -1.4385285 | Q73: =O73-P$1 -> 4.325171
A74: Picture_L_6B | B74: 102 | C74: 1 | D74: A | E74: 32 | F74: 2 | G74: 4.37 | H74: C | I74: C | J74: M | K74: M011C.jpg | L74: 14.49552 | M74: 01-30-2012 | N74: =AVERAGEIFS(L:L,B:B,B74,C:C,C74) -> 14.465439 | O74: =L74-N74 -> 0.030081463
A75: Picture_L_6B | B75: 102 | C75: 1 | D75: A | E75: 33 | F75: 1 | G75: 6.98 | H75: C | I75: C | J75: F | K75: F005C.jpg | L75: 18.34081 | M75: 01-30-2012 | N75: =AVERAGEIFS(L:L,B:B,B75,C:C,C75) -> 14.465439 | O75: =L75-N75 -> 3.8753715 | Q75: =O75-P$1 -> 9.639071
A76: Picture_L_6B | B76: 102 | C76: 1 | D76: A | E76: 34 | F76: 1 | G76: 4.92 | H76: A | I76: L | J76: M | K76: M083L.jpg | L76: 15.06726 | M76: 01-30-2012 | N76: =AVERAGEIFS(L:L,B:B,B76,C:C,C76) -> 14.465439 | O76: =L76-N76 -> 0.60182146
A77: Picture_L_6B | B77: 102 | C77: 1 | D77: A | E77: 35 | F77: 2 | G77: 4.23 | H77: A | I77: R | J77: M | K77: M006R.jpg | L77: 14.3722 | M77: 01-30-2012 | N77: =AVERAGEIFS(L:L,B:B,B77,C:C,C77) -> 14.465439 | O77: =L77-N77 -> -0.093238537
A78: Picture_L_6B | B78: 102 | C78: 1 | D78: A | E78: 36 | F78: 2 | G78: 5.04 | H78: A | I78: L | J78: F | K78: F047L.jpg | L78: 14.01345 | M78: 01-30-2012 | N78: =AVERAGEIFS(L:L,B:B,B78,C:C,C78) -> 14.465439 | O78: =L78-N78 -> -0.45198854 | Q78: =O78-P$1 -> 5.311711
A79: Picture_L_6B | B79: 102 | C79: 1 | D79: A | E79: 37 | F79: 3 | G79: 2.37 | H79: A | I79: L | J79: F | K79: F110L.jpg | L79: 13.25112 | M79: 01-30-2012 | N79: =AVERAGEIFS(L:L,B:B,B79,C:C,C79) -> 14.465439 | O79: =L79-N79 -> -1.2143185 | Q79: =O79-P$1 -> 4.549381
A80: Picture_L_6B | B80: 102 | C80: 1 | D80: A | E80: 38 | F80: 3 | G80: 2.92 | H80: A | I80: R | J80: F | K80: F036R.jpg | L80: 12.98206 | M80: 01-30-2012 | N80: =AVERAGEIFS(L:L,B:B,B80,C:C,C80) -> 14.465439 | O80: =L80-N80 -> -1.4833785 | Q80: =O80-P$1 -> 4.280321
A81: Picture_L_6B | B81: 102 | C81: 1 | D81: A | E81: 39 | F81: 1 | G81: 4.66 | H81: A | I81: R | J81: M | K81: M026R.jpg | L81: 14.2713 | M81: 01-30-2012 | N81: =AVERAGEIFS(L:L,B:B,B81,C:C,C81) -> 14.465439 | O81: =L81-N81 -> -0.19413854
A82: Picture_L_6B | B82: 102 | C82: 1 | D82: A | E82: 40 | F82: 1 | G82: 5.56 | H82: C | I82: C | J82: F | K82: F033C.jpg | L82: 16.79372 | M82: 01-30-2012 | N82: =AVERAGEIFS(L:L,B:B,B82,C:C,C82) -> 14.465439 | O82: =L82-N82 -> 2.3282815 | Q82: =O82-P$1 -> 8.091981
A83: Picture_L_6B | B83: 102 | C83: 1 | D83: A | E83: 41 | F83: 3 | G83: 2.37 | H83: C | I83: C | J83: F | K83: F110C.jpg | L83: 13.87892 | M83: 01-30-2012 | N83: =AVERAGEIFS(L:L,B:B,B83,C:C,C83) -> 14.465439 | O83: =L83-N83 -> -0.58651854 | Q83: =O83-P$1 -> 5.177181
A84: Picture_L_6A | B84: 103 | C84: 2 | D84: A | E84: 1 | F84: 0 | G84: 0 | H84: 0 | I84: 0 | J84: 0 | K84: F037C.jpg | L84: 18.52018 | M84: 41092 | N84: =AVERAGEIFS(L:L,B:B,B84,C:C,C84) -> 17.203872 | O84: =L84-N84 -> 1.3163083
A85: Picture_L_6A | B85: 103 | C85: 2 | D85: A | E85: 2 | F85: 3 | G85: 2.99 | H85: A | I85: L | J85: M | K85: M041L.jpg | L85: 14.32735 | M85: 41092 | N85: =AVERAGEIFS(L:L,B:B,B85,C:C,C85) -> 17.203872 | O85: =L85-N85 -> -2.8765217
A86: Picture_L_6A | B86: 103 | C86: 2 | D86: A | E86: 3 | F86: 2 | G86: 4.04 | H86: A | I86: L | J86: M | K86: M047L.jpg | L86: 14.85426 | M86: 41092 | N86: =AVERAGEIFS(L:L,B:B,B86,C:C,C86) -> 17.203872 | O86: =L86-N86 -> -2.3496117
A87: Picture_L_6A | B87: 103 | C87: 2 | D87: A | E87: 4 | F87: 2 | G87: 3.84 | H87: C | I87: C | J87: M | K87: M061C.jpg | L87: 15.15695 | M87: 41092 | N87: =AVERAGEIFS(L:L,B:B,B87,C:C,C87) -> 17.203872 | O87: =L87-N87 -> -2.0469217
A88: Picture_L_6A | B88: 103 | C88: 2 | D88: A | E88: 5 | F88: 3 | G88: 3.37 | H88: A | I88: L | J88: M | K88: M075L.jpg | L88: 16.79372 | M88: 41092 | N88: =AVERAGEIFS(L:L,B:B,B88,C:C,C88) -> 17.203872 | O88: =L88-N88 -> -0.41015171
A89: Picture_L_6A | B89: 103 | C89: 2 | D89: A | E89: 6 | F89: 2 | G89: 4.68 | H89: A | I89: R | J89: F | K89: F013R.jpg | L89: 15.95292 | M89: 41092 | N89: =AVERAGEIFS(L:L,B:B,B89,C:C,C89) -> 17.203872 | O89: =L89-N89 -> -1.2509517 | Q89: =O89-P$1 -> 4.5127478
A90: Picture_L_6A | B90: 103 | C90: 2 | D90: A | E90: 7 | F90: 2 | G90: 5.04 | H90: C | I90: C | J90: F | K90: F047C.jpg | L90: 18.43049 | M90: 41092 | N90: =AVERAGEIFS(L:L,B:B,B90,C:C,C90) -> 17.203872 | O90: =L90-N90 -> 1.2266183 | Q90: =O90-P$1 -> 6.9903178
A91: Picture_L_6A | B91: 103 | C91: 2 | D91: A | E91: 8 | F91: 3 | G91: 3.37 | H91: C | I91: C | J91: M | K91: M075C.jpg | L91: 18.4417 | M91: 41092 | N91: =AVERAGEIFS(L:L,B:B,B91,C:C,C91) -> 17.203872 | O91: =L91-N91 -> 1.2378283
A92: Picture_L_6A | B92: 103 | C92: 2 | D92: A | E92: 9 | F92: 1 | G92: 4.66 | H92: C | I92: C | J92: M | K92: M026C.jpg | L92: 15.07847 | M92: 41092 | N92: =AVERAGEIFS(L:L,B:B,B92,C:C,C92) -> 17.203872 | O92: =L92-N92 -> -2.1254017
A93: Picture_L_6A | B93: 103 | C93: 2 | D93: A | E93: 10 | F93: 2 | G93: 4.37 | H93: A | I93: L | J93: M | K93: M011L.jpg | L93: 17.86996 | M93: 41092 | N93: =AVERAGEIFS(L:L,B:B,B93,C:C,C93) -> 17.203872 | O93: =L93-N93 -> 0.66608829
A94: Picture_L_6A | B94: 103 | C94: 2 | D94: A | E94: 11 | F94: 1 | G94: 5.56 | H94: C | I94: C | J94: F | K94: F033C.jpg | L94: 20.7287 | M94: 41092 | N94: =AVERAGEIFS(L:L,B:B,B94,C:C,C94) -> 17.203872 | O94: =L94-N94 -> 3.5248283 | Q94: =O94-P$1 -> 9.2885278
A95: Picture_L_6A | B95: 103 | C95: 2 | D95: A | E95: 12 | F95: 3 | G95: 2.92 | H95: C | I95: C | J95: F | K95: F036C.jpg | L95: 14.2713 | M95: 41092 | N95: =AVERAGEIFS(L:L,B:B,B95,C:C,C95) -> 17.203872 | O95: =L95-N95 -> -2.9325717 | Q95: =O95-P$1 -> 2.8311278
A96: Picture_L_6A | B96: 103 | C96: 2 | D96: A | E96: 13 | F96: 2 | G96: 4.94 | H96: C | I96: C | J96: F | K96: F049C.jpg | L96: 20.5157 | M96: 41092 | N96: =AVERAGEIFS(L:L,B:B,B96,C:C,C96) -> 17.203872 | O96: =L96-N96 -> 3.3118283 | Q96: =O96-P$1 -> 9.0755278
A97: Picture_L_6A | B97: 103 | C97: 2 | D97: A | E97: 14 | F97: 2 | G97: 4.04 | H97: C | I97: C | J97: M | K97: M047C.jpg | L97: 14.0583 | M97: 41092 | N97: =AVERAGEIFS(L:L,B:B,B97,C:C,C97) -> 17.203872 | O97: =L97-N97 -> -3.1455717
A98: Picture_L_6A | B98: 103 | C98: 2 | D98: A | E98: 15 | F98: 1 | G98: 5.56 | H98: A | I98: R | J98: F | K98: F033R.jpg | L98: 19.79821 | M98: 41092 | N98: =AVERAGEIFS(L:L,B:B,B98,C:C,C98) -> 17.203872 | O98: =L98-N98 -> 2.5943383 | Q98: =O98-P$1 -> 8.3580378
A99: Picture_L_6A | B99: 103 | C99: 2 | D99: A | E99: 16 | F99: 2 | G99: 4.68 | H99: C | I99: C | J99: F | K99: F013C.jpg | L99: 15.91928 | M99: 41092 | N99: =AVERAGEIFS(L:L,B:B,B99,C:C,C99) -> 17.203872 | O99: =L99-N99 -> -1.2845917 | Q99: =O99-P$1 -> 4.4791078
A100: Picture_L_6A | B100: 103 | C100: 2 | D100: A | E100: 17 | F100: 3 | G100: 3.16 | H100: A | I100: R | J100: M | K100: M063R.jpg | L100: 19.22646 | M100: 41092 | N100: =AVERAGEIFS(L:L,B:B,B100,C:C,C100) -> 17.203872 | O100: =L100-N100 -> 2.0225883
...

Sheet rawdataForGLM graphpad
A1: ImageList | B1: ID | C1: Session | D1: Drug | E1: StimOrder | F1: AttrLevel | G1: DatabaseRating | H1: Gaze2 | I1: GazeDirection | J1: FaceGender | K1: Stim | L1: Rating | M1: Date | N1: Rating-12.95 | O1: =B1 -> ID | P1: =C1 -> Session | Q1: =F1 -> AttrLevel | R1: =E1 -> StimOrder | S1: Drug | T1: =L1 -> Rating | U1: =H1 -> Gaze2 | V1: ImageList2 | W1: Sex2 | Y1: F only
A2: Picture_L_1A | B2: 101 | C2: 1 | D2: A | E2: 1 | F2: 0 | H2: 0 | I2: 0 | J2: 0 | K2: M093C.jpg | L2: 20.33632 | M2: 01-30-2012 | N2: =L2-12.95 -> 7.38632 | O2: =B2 -> 101 | P2: =C2 -> 1 | Q2: =F2 -> 0 | R2: =E2-1 -> 0 | S2: =IF(D2=D$2,1,IF(D2=D$43,2,IF(D2=D$84,3))) -> 1 | T2: =L2 -> 20.33632 | U2: =IF(H2=H$5,1,2) -> 2 | V2: =MID(A2,11,1) -> 1 | W2: =IF(J2=J$3,1,2) -> 2
A3: Picture_L_1A | B3: 101 | C3: 1 | D3: A | E3: 2 | F3: 1 | G3: 5.16 | H3: A | I3: R | J3: F | K3: F067R.jpg | L3: 17.9148 | M3: 01-30-2012 | N3: =L3-12.95 -> 4.9648 | O3: =B3 -> 101 | P3: =C3 -> 1 | Q3: =F3 -> 1 | R3: =E3-1 -> 1 | S3: =IF(D3=D$2,1,IF(D3=D$43,2,IF(D3=D$84,3))) -> 1 | T3: =L3 -> 17.9148 | U3: =IF(H3=H$5,1,2) -> 2 | V3: =MID(A3,11,1) -> 1 | W3: =IF(J3=J$3,1,2) -> 1 | Y3: 0.2922 | Z3: =SQRT(Y3) -> 0.54055527
A4: Picture_L_1A | B4: 101 | C4: 1 | D4: A | E4: 3 | F4: 3 | G4: 3.17 | H4: A | I4: L | J4: M | K4: M015L.jpg | L4: 17.11883 | M4: 01-30-2012 | N4: =L4-12.95 -> 4.16883 | O4: =B4 -> 101 | P4: =C4 -> 1 | Q4: =F4 -> 3 | R4: =E4-1 -> 2 | S4: =IF(D4=D$2,1,IF(D4=D$43,2,IF(D4=D$84,3))) -> 1 | T4: =L4 -> 17.11883 | U4: =IF(H4=H$5,1,2) -> 2 | V4: =MID(A4,11,1) -> 1 | W4: =IF(J4=J$3,1,2) -> 2
A5: Picture_L_1A | B5: 101 | C5: 1 | D5: A | E5: 4 | F5: 3 | G5: 2.38 | H5: C | I5: C | J5: F | K5: F011C.jpg | L5: 14.91031 | M5: 01-30-2012 | N5: =L5-12.95 -> 1.96031 | O5: =B5 -> 101 | P5: =C5 -> 1 | Q5: =F5 -> 3 | R5: =E5-1 -> 3 | S5: =IF(D5=D$2,1,IF(D5=D$43,2,IF(D5=D$84,3))) -> 1 | T5: =L5 -> 14.91031 | U5: =IF(H5=H$5,1,2) -> 1 | V5: =MID(A5,11,1) -> 1 | W5: =IF(J5=J$3,1,2) -> 1 | Y5: 0.3101 | Z5: =SQRT(Y5) -> 0.55686623
A6: Picture_L_1A | B6: 101 | C6: 1 | D6: A | E6: 5 | F6: 1 | G6: 5.41 | H6: A | I6: R | J6: M | K6: M052R.jpg | L6: 21.13229 | M6: 01-30-2012 | N6: =L6-12.95 -> 8.18229 | O6: =B6 -> 101 | P6: =C6 -> 1 | Q6: =F6 -> 1 | R6: =E6-1 -> 4 | S6: =IF(D6=D$2,1,IF(D6=D$43,2,IF(D6=D$84,3))) -> 1 | T6: =L6 -> 21.13229 | U6: =IF(H6=H$5,1,2) -> 2 | V6: =MID(A6,11,1) -> 1 | W6: =IF(J6=J$3,1,2) -> 2
A7: Picture_L_1A | B7: 101 | C7: 1 | D7: A | E7: 6 | F7: 3 | G7: 3 | H7: C | I7: C | J7: F | K7: F113C.jpg | L7: 16.5583 | M7: 01-30-2012 | N7: =L7-12.95 -> 3.6083 | O7: =B7 -> 101 | P7: =C7 -> 1 | Q7: =F7 -> 3 | R7: =E7-1 -> 5 | S7: =IF(D7=D$2,1,IF(D7=D$43,2,IF(D7=D$84,3))) -> 1 | T7: =L7 -> 16.5583 | U7: =IF(H7=H$5,1,2) -> 1 | V7: =MID(A7,11,1) -> 1 | W7: =IF(J7=J$3,1,2) -> 1 | Y7: 0.2276 | Z7: =SQRT(Y7) -> 0.47707442
A8: Picture_L_1A | B8: 101 | C8: 1 | D8: A | E8: 7 | F8: 2 | G8: 4.69 | H8: A | I8: R | J8: F | K8: F035R.jpg | L8: 19.97758 | M8: 01-30-2012 | N8: =L8-12.95 -> 7.02758 | O8: =B8 -> 101 | P8: =C8 -> 1 | Q8: =F8 -> 2 | R8: =E8-1 -> 6 | S8: =IF(D8=D$2,1,IF(D8=D$43,2,IF(D8=D$84,3))) -> 1 | T8: =L8 -> 19.97758 | U8: =IF(H8=H$5,1,2) -> 2 | V8: =MID(A8,11,1) -> 1 | W8: =IF(J8=J$3,1,2) -> 1
A9: Picture_L_1A | B9: 101 | C9: 1 | D9: A | E9: 8 | F9: 2 | G9: 4.24 | H9: C | I9: C | J9: M | K9: M087C.jpg | L9: 19.50673 | M9: 01-30-2012 | N9: =L9-12.95 -> 6.55673 | O9: =B9 -> 101 | P9: =C9 -> 1 | Q9: =F9 -> 2 | R9: =E9-1 -> 7 | S9: =IF(D9=D$2,1,IF(D9=D$43,2,IF(D9=D$84,3))) -> 1 | T9: =L9 -> 19.50673 | U9: =IF(H9=H$5,1,2) -> 1 | V9: =MID(A9,11,1) -> 1 | W9: =IF(J9=J$3,1,2) -> 2
A10: Picture_L_1A | B10: 101 | C10: 1 | D10: A | E10: 9 | F10: 1 | G10: 5.28 | H10: C | I10: C | J10: F | K10: F048C.jpg | L10: 21.97309 | M10: 01-30-2012 | N10: =L10-12.95 -> 9.02309 | O10: =B10 -> 101 | P10: =C10 -> 1 | Q10: =F10 -> 1 | R10: =E10-1 -> 8 | S10: =IF(D10=D$2,1,IF(D10=D$43,2,IF(D10=D$84,3))) -> 1 | T10: =L10 -> 21.97309 | U10: =IF(H10=H$5,1,2) -> 1 | V10: =MID(A10,11,1) -> 1 | W10: =IF(J10=J$3,1,2) -> 1 | Y10: 0.2563 | Z10: =SQRT(Y10) -> 0.5062608
A11: Picture_L_1A | B11: 101 | C11: 1 | D11: A | E11: 10 | F11: 3 | G11: 3.32 | H11: C | I11: C | J11: F | K11: F030C.jpg | L11: 15.7287 | M11: 01-30-2012 | N11: =L11-12.95 -> 2.7787 | O11: =B11 -> 101 | P11: =C11 -> 1 | Q11: =F11 -> 3 | R11: =E11-1 -> 9 | S11: =IF(D11=D$2,1,IF(D11=D$43,2,IF(D11=D$84,3))) -> 1 | T11: =L11 -> 15.7287 | U11: =IF(H11=H$5,1,2) -> 1 | V11: =MID(A11,11,1) -> 1 | W11: =IF(J11=J$3,1,2) -> 1 | Y11: 0.2543 | Z11: =SQRT(Y11) -> 0.50428167
A12: Picture_L_1A | B12: 101 | C12: 1 | D12: A | E12: 11 | F12: 1 | G12: 5.16 | H12: C | I12: C | J12: F | K12: F067C.jpg | L12: 17.33184 | M12: 01-30-2012 | N12: =L12-12.95 -> 4.38184 | O12: =B12 -> 101 | P12: =C12 -> 1 | Q12: =F12 -> 1 | R12: =E12-1 -> 10 | S12: =IF(D12=D$2,1,IF(D12=D$43,2,IF(D12=D$84,3))) -> 1 | T12: =L12 -> 17.33184 | U12: =IF(H12=H$5,1,2) -> 1 | V12: =MID(A12,11,1) -> 1 | W12: =IF(J12=J$3,1,2) -> 1 | Y12: 0.2153 | Z12: =SQRT(Y12) -> 0.46400431
A13: Picture_L_1A | B13: 101 | C13: 1 | D13: A | E13: 12 | F13: 2 | G13: 4.08 | H13: C | I13: C | J13: M | K13: M029C.jpg | L13: 20.20179 | M13: 01-30-2012 | N13: =L13-12.95 -> 7.25179 | O13: =B13 -> 101 | P13: =C13 -> 1 | Q13: =F13 -> 2 | R13: =E13-1 -> 11 | S13: =IF(D13=D$2,1,IF(D13=D$43,2,IF(D13=D$84,3))) -> 1 | T13: =L13 -> 20.20179 | U13: =IF(H13=H$5,1,2) -> 1 | V13: =MID(A13,11,1) -> 1 | W13: =IF(J13=J$3,1,2) -> 2
A14: Picture_L_1A | B14: 101 | C14: 1 | D14: A | E14: 13 | F14: 3 | G14: 3.17 | H14: C | I14: C | J14: M | K14: M015C.jpg | L14: 15.45964 | M14: 01-30-2012 | N14: =L14-12.95 -> 2.50964 | O14: =B14 -> 101 | P14: =C14 -> 1 | Q14: =F14 -> 3 | R14: =E14-1 -> 12 | S14: =IF(D14=D$2,1,IF(D14=D$43,2,IF(D14=D$84,3))) -> 1 | T14: =L14 -> 15.45964 | U14: =IF(H14=H$5,1,2) -> 1 | V14: =MID(A14,11,1) -> 1 | W14: =IF(J14=J$3,1,2) -> 2
A15: Picture_L_1A | B15: 101 | C15: 1 | D15: A | E15: 14 | F15: 1 | G15: 5.28 | H15: A | I15: L | J15: F | K15: F048L.jpg | L15: 21.93946 | M15: 01-30-2012 | N15: =L15-12.95 -> 8.98946 | O15: =B15 -> 101 | P15: =C15 -> 1 | Q15: =F15 -> 1 | R15: =E15-1 -> 13 | S15: =IF(D15=D$2,1,IF(D15=D$43,2,IF(D15=D$84,3))) -> 1 | T15: =L15 -> 21.93946 | U15: =IF(H15=H$5,1,2) -> 2 | V15: =MID(A15,11,1) -> 1 | W15: =IF(J15=J$3,1,2) -> 1
A16: Picture_L_1A | B16: 101 | C16: 1 | D16: A | E16: 15 | F16: 2 | G16: 4.24 | H16: A | I16: R | J16: M | K16: M087R.jpg | L16: 19.34978 | M16: 01-30-2012 | N16: =L16-12.95 -> 6.39978 | O16: =B16 -> 101 | P16: =C16 -> 1 | Q16: =F16 -> 2 | R16: =E16-1 -> 14 | S16: =IF(D16=D$2,1,IF(D16=D$43,2,IF(D16=D$84,3))) -> 1 | T16: =L16 -> 19.34978 | U16: =IF(H16=H$5,1,2) -> 2 | V16: =MID(A16,11,1) -> 1 | W16: =IF(J16=J$3,1,2) -> 2
A17: Picture_L_1A | B17: 101 | C17: 1 | D17: A | E17: 16 | F17: 2 | G17: 4.45 | H17: C | I17: C | J17: M | K17: M049C.jpg | L17: 19.70852 | M17: 01-30-2012 | N17: =L17-12.95 -> 6.75852 | O17: =B17 -> 101 | P17: =C17 -> 1 | Q17: =F17 -> 2 | R17: =E17-1 -> 15 | S17: =IF(D17=D$2,1,IF(D17=D$43,2,IF(D17=D$84,3))) -> 1 | T17: =L17 -> 19.70852 | U17: =IF(H17=H$5,1,2) -> 1 | V17: =MID(A17,11,1) -> 1 | W17: =IF(J17=J$3,1,2) -> 2
A18: Picture_L_1A | B18: 101 | C18: 1 | D18: A | E18: 17 | F18: 1 | G18: 6.44 | H18: A | I18: R | J18: F | K18: F053R.jpg | L18: 20.70628 | M18: 01-30-2012 | N18: =L18-12.95 -> 7.75628 | O18: =B18 -> 101 | P18: =C18 -> 1 | Q18: =F18 -> 1 | R18: =E18-1 -> 16 | S18: =IF(D18=D$2,1,IF(D18=D$43,2,IF(D18=D$84,3))) -> 1 | T18: =L18 -> 20.70628 | U18: =IF(H18=H$5,1,2) -> 2 | V18: =MID(A18,11,1) -> 1 | W18: =IF(J18=J$3,1,2) -> 1
A19: Picture_L_1A | B19: 101 | C19: 1 | D19: A | E19: 18 | F19: 2 | G19: 4.45 | H19: A | I19: L | J19: M | K19: M049L.jpg | L19: 19.24888 | M19: 01-30-2012 | N19: =L19-12.95 -> 6.29888 | O19: =B19 -> 101 | P19: =C19 -> 1 | Q19: =F19 -> 2 | R19: =E19-1 -> 17 | S19: =IF(D19=D$2,1,IF(D19=D$43,2,IF(D19=D$84,3))) -> 1 | T19: =L19 -> 19.24888 | U19: =IF(H19=H$5,1,2) -> 2 | V19: =MID(A19,11,1) -> 1 | W19: =IF(J19=J$3,1,2) -> 2
A20: Picture_L_1A | B20: 101 | C20: 1 | D20: A | E20: 19 | F20: 2 | G20: 4.8 | H20: C | I20: C | J20: F | K20: F056C.jpg | L20: 19.42825 | M20: 01-30-2012 | N20: =L20-12.95 -> 6.47825 | O20: =B20 -> 101 | P20: =C20 -> 1 | Q20: =F20 -> 2 | R20: =E20-1 -> 18 | S20: =IF(D20=D$2,1,IF(D20=D$43,2,IF(D20=D$84,3))) -> 1 | T20: =L20 -> 19.42825 | U20: =IF(H20=H$5,1,2) -> 1 | V20: =MID(A20,11,1) -> 1 | W20: =IF(J20=J$3,1,2) -> 1
A21: Picture_L_1A | B21: 101 | C21: 1 | D21: A | E21: 20 | F21: 3 | G21: 3.32 | H21: A | I21: L | J21: F | K21: F030L.jpg | L21: 15.36996 | M21: 01-30-2012 | N21: =L21-12.95 -> 2.41996 | O21: =B21 -> 101 | P21: =C21 -> 1 | Q21: =F21 -> 3 | R21: =E21-1 -> 19 | S21: =IF(D21=D$2,1,IF(D21=D$43,2,IF(D21=D$84,3))) -> 1 | T21: =L21 -> 15.36996 | U21: =IF(H21=H$5,1,2) -> 2 | V21: =MID(A21,11,1) -> 1 | W21: =IF(J21=J$3,1,2) -> 1
A22: Picture_L_1A | B22: 101 | C22: 1 | D22: A | E22: 21 | F22: 2 | G22: 5.02 | H22: A | I22: L | J22: F | K22: F021L.jpg | L22: 19.1704 | M22: 01-30-2012 | N22: =L22-12.95 -> 6.2204 | O22: =B22 -> 101 | P22: =C22 -> 1 | Q22: =F22 -> 2 | R22: =E22-1 -> 20 | S22: =IF(D22=D$2,1,IF(D22=D$43,2,IF(D22=D$84,3))) -> 1 | T22: =L22 -> 19.1704 | U22: =IF(H22=H$5,1,2) -> 2 | V22: =MID(A22,11,1) -> 1 | W22: =IF(J22=J$3,1,2) -> 1
A23: Picture_L_1A | B23: 101 | C23: 1 | D23: A | E23: 22 | F23: 2 | G23: 4.8 | H23: A | I23: L | J23: F | K23: F056L.jpg | L23: 19.02466 | M23: 01-30-2012 | N23: =L23-12.95 -> 6.07466 | O23: =B23 -> 101 | P23: =C23 -> 1 | Q23: =F23 -> 2 | R23: =E23-1 -> 21 | S23: =IF(D23=D$2,1,IF(D23=D$43,2,IF(D23=D$84,3))) -> 1 | T23: =L23 -> 19.02466 | U23: =IF(H23=H$5,1,2) -> 2 | V23: =MID(A23,11,1) -> 1 | W23: =IF(J23=J$3,1,2) -> 1
A24: Picture_L_1A | B24: 101 | C24: 1 | D24: A | E24: 23 | F24: 2 | G24: 3.84 | H24: A | I24: R | J24: M | K24: M079R.jpg | L24: 17.98206 | M24: 01-30-2012 | N24: =L24-12.95 -> 5.03206 | O24: =B24 -> 101 | P24: =C24 -> 1 | Q24: =F24 -> 2 | R24: =E24-1 -> 22 | S24: =IF(D24=D$2,1,IF(D24=D$43,2,IF(D24=D$84,3))) -> 1 | T24: =L24 -> 17.98206 | U24: =IF(H24=H$5,1,2) -> 2 | V24: =MID(A24,11,1) -> 1 | W24: =IF(J24=J$3,1,2) -> 2
... A42: Picture_L_1A | B42: 101 | C42: 1 | D42: A | E42: 41 | F42: 1 | G42: 5.41 | H42: C | I42: C | J42: M | K42: M052C.jpg | L42: 21.54708 | M42: 01-30-2012 | N42: =L42-12.95 -> 8.59708 | O42: =B42 -> 101 | P42: =C42 -> 1 | Q42: =F42 -> 1 | R42: =E42-1 -> 40 | S42: =IF(D42=D$2,1,IF(D42=D$43,2,IF(D42=D$84,3))) -> 1 | T42: =L42 -> 21.54708 | U42: =IF(H42=H$5,1,2) -> 1 | V42: =MID(A42,11,1) -> 1 | W42: =IF(J42=J$3,1,2) -> 2
A43: Picture_L_6B | B43: 102 | C43: 1 | D43: A | E43: 1 | F43: 0 | H43: 0 | I43: 0 | J43: 0 | K43: F098L.jpg | L43: 13.9574 | M43: 01-30-2012 | N43: =L43-12.95 -> 1.0074 | O43: =B43 -> 102 | P43: =C43 -> 1 | Q43: =F43 -> 0 | R43: =E43-1 -> 0 | S43: =IF(D43=D$2,1,IF(D43=D$43,2,IF(D43=D$84,3))) -> 1 | T43: =L43 -> 13.9574 | U43: =IF(H43=H$5,1,2) -> 2 | V43: =MID(A43,11,1) -> 6 | W43: =IF(J43=J$3,1,2) -> 2
A44: Picture_L_6B | B44: 102 | C44: 1 | D44: A | E44: 2 | F44: 2 | G44: 4.37 | H44: A | I44: L | J44: M | K44: M011L.jpg | L44: 14.26009 | M44: 01-30-2012 | N44: =L44-12.95 -> 1.31009 | O44: =B44 -> 102 | P44: =C44 -> 1 | Q44: =F44 -> 2 | R44: =E44-1 -> 1 | S44: =IF(D44=D$2,1,IF(D44=D$43,2,IF(D44=D$84,3))) -> 1 | T44: =L44 -> 14.26009 | U44: =IF(H44=H$5,1,2) -> 2 | V44: =MID(A44,11,1) -> 6 | W44: =IF(J44=J$3,1,2) -> 2
A45: Picture_L_6B | B45: 102 | C45: 1 | D45: A | E45: 3 | F45: 1 | G45: 4.66 | H45: C | I45: C | J45: M | K45: M026C.jpg | L45: 14.39462 | M45: 01-30-2012 | N45: =L45-12.95 -> 1.44462 | O45: =B45 -> 102 | P45: =C45 -> 1 | Q45: =F45 -> 1 | R45: =E45-1 -> 2 | S45: =IF(D45=D$2,1,IF(D45=D$43,2,IF(D45=D$84,3))) -> 1 | T45: =L45 -> 14.39462 | U45: =IF(H45=H$5,1,2) -> 1 | V45: =MID(A45,11,1) -> 6 | W45: =IF(J45=J$3,1,2) -> 2
A46: Picture_L_6B | B46: 102 | C46: 1 | D46: A | E46: 4 | F46: 2 | G46: 4.94 | H46: A | I46: R | J46: F | K46: F049R.jpg | L46: 15.03363 | M46: 01-30-2012 | N46: =L46-12.95 -> 2.08363 | O46: =B46 -> 102 | P46: =C46 -> 1 | Q46: =F46 -> 2 | R46: =E46-1 -> 3 | S46: =IF(D46=D$2,1,IF(D46=D$43,2,IF(D46=D$84,3))) -> 1 | T46: =L46 -> 15.03363 | U46: =IF(H46=H$5,1,2) -> 2 | V46: =MID(A46,11,1) -> 6 | W46: =IF(J46=J$3,1,2) -> 1
A47: Picture_L_6B | B47: 102 | C47: 1 | D47: A | E47: 5 | F47: 2 | G47: 4.04 | H47: A | I47: L | J47: M | K47: M047L.jpg | L47: 13.25112 | M47: 01-30-2012 | N47: =L47-12.95 -> 0.30112 | O47: =B47 -> 102 | P47: =C47 -> 1 | Q47: =F47 -> 2 | R47: =E47-1 -> 4 | S47: =IF(D47=D$2,1,IF(D47=D$43,2,IF(D47=D$84,3))) -> 1 | T47: =L47 -> 13.25112 | U47: =IF(H47=H$5,1,2) -> 2 | V47: =MID(A47,11,1) -> 6 | W47: =IF(J47=J$3,1,2) -> 2
A48: Picture_L_6B | B48: 102 | C48: 1 | D48: A | E48: 6 | F48: 2 | G48: 4.94 | H48: C | I48: C | J48: F | K48: F049C.jpg | L48: 14.95516 | M48: 01-30-2012 | N48: =L48-12.95 -> 2.00516 | O48: =B48 -> 102 | P48: =C48 -> 1 | Q48: =F48 -> 2 | R48: =E48-1 -> 5 | S48: =IF(D48=D$2,1,IF(D48=D$43,2,IF(D48=D$84,3))) -> 1 | T48: =L48 -> 14.95516 | U48: =IF(H48=H$5,1,2) -> 1 | V48: =MID(A48,11,1) -> 6 | W48: =IF(J48=J$3,1,2) -> 1
A49: Picture_L_6B | B49: 102 | C49: 1 | D49: A | E49: 7 | F49: 2 | G49: 4.68 | H49: C | I49: C | J49: F | K49: F013C.jpg | L49: 14.50673 | M49: 01-30-2012 | N49: =L49-12.95 -> 1.55673 | O49: =B49 -> 102 | P49: =C49 -> 1 | Q49: =F49 -> 2 | R49: =E49-1 -> 6 | S49: =IF(D49=D$2,1,IF(D49=D$43,2,IF(D49=D$84,3))) -> 1 | T49: =L49 -> 14.50673 | U49: =IF(H49=H$5,1,2) -> 1 | V49: =MID(A49,11,1) -> 6 | W49: =IF(J49=J$3,1,2) -> 1
A50: Picture_L_6B | B50: 102 | C50: 1 | D50: A | E50: 8 | F50: 3 | G50: 3.25 | H50: C | I50: C | J50: F | K50: F052C.jpg | L50: 13.20628 | M50: 01-30-2012 | N50: =L50-12.95 -> 0.25628 | O50: =B50 -> 102 | P50: =C50 -> 1 | Q50: =F50 -> 3 | R50: =E50-1 -> 7 | S50: =IF(D50=D$2,1,IF(D50=D$43,2,IF(D50=D$84,3))) -> 1 | T50: =L50 -> 13.20628 | U50: =IF(H50=H$5,1,2) -> 1 | V50: =MID(A50,11,1) -> 6 | W50: =IF(J50=J$3,1,2) -> 1
A51: Picture_L_6B | B51: 102 | C51: 1 | D51: A | E51: 9 | F51: 1 | G51: 5.35 | H51: A | I51: R | J51: M | K51: M055R.jpg | L51: 16.23318 | M51: 01-30-2012 | N51: =L51-12.95 -> 3.28318 | O51: =B51 -> 102 | P51: =C51 -> 1 | Q51: =F51 -> 1 | R51: =E51-1 -> 8 | S51: =IF(D51=D$2,1,IF(D51=D$43,2,IF(D51=D$84,3))) -> 1 | T51: =L51 -> 16.23318 | U51: =IF(H51=H$5,1,2) -> 2 | V51: =MID(A51,11,1) -> 6 | W51: =IF(J51=J$3,1,2) -> 2
A52: Picture_L_6B | B52: 102 | C52: 1 | D52: A | E52: 10 | F52: 3 | G52: 3.37 | H52: C | I52: C | J52: M | K52: M075C.jpg | L52: 13.08296 | M52: 01-30-2012 | N52: =L52-12.95 -> 0.13296 | O52: =B52 -> 102 | P52: =C52 -> 1 | Q52: =F52 -> 3 | R52: =E52-1 -> 9 | S52: =IF(D52=D$2,1,IF(D52=D$43,2,IF(D52=D$84,3))) -> 1 | T52: =L52 -> 13.08296 | U52: =IF(H52=H$5,1,2) -> 1 | V52: =MID(A52,11,1) -> 6 | W52: =IF(J52=J$3,1,2) -> 2
A53: Picture_L_6B | B53: 102 | C53: 1 | D53: A | E53: 11 | F53: 3 | G53: 3.37 | H53: A | I53: L | J53: M | K53: M075L.jpg | L53: 13.34081 | M53: 01-30-2012 | N53: =L53-12.95 -> 0.39081 | O53: =B53 -> 102 | P53: =C53 -> 1 | Q53: =F53 -> 3 | R53: =E53-1 -> 10 | S53: =IF(D53=D$2,1,IF(D53=D$43,2,IF(D53=D$84,3))) -> 1 | T53: =L53 -> 13.34081 | U53: =IF(H53=H$5,1,2) -> 2 | V53: =MID(A53,11,1) -> 6 | W53: =IF(J53=J$3,1,2) -> 2
A54: Picture_L_6B | B54: 102 | C54: 1 | D54: A | E54: 12 | F54: 1 | G54: 5.35 | H54: C | I54: C | J54: M | K54: M055C.jpg | L54: 16.68161 | M54: 01-30-2012 | N54: =L54-12.95 -> 3.73161 | O54: =B54 -> 102 | P54: =C54 -> 1 | Q54: =F54 -> 1 | R54: =E54-1 -> 11 | S54: =IF(D54=D$2,1,IF(D54=D$43,2,IF(D54=D$84,3))) -> 1 | T54: =L54 -> 16.68161 | U54: =IF(H54=H$5,1,2) -> 1 | V54: =MID(A54,11,1) -> 6 | W54: =IF(J54=J$3,1,2) -> 2
A55: Picture_L_6B | B55: 102 | C55: 1 | D55: A | E55: 13 | F55: 2 | G55: 4.75 | H55: A | I55: L | J55: F | K55: F001L.jpg | L55: 14.30493 | M55: 01-30-2012 | N55: =L55-12.95 -> 1.35493 | O55: =B55 -> 102 | P55: =C55 -> 1 | Q55: =F55 -> 2 | R55: =E55-1 -> 12 | S55: =IF(D55=D$2,1,IF(D55=D$43,2,IF(D55=D$84,3))) -> 1 | T55: =L55 -> 14.30493 | U55: =IF(H55=H$5,1,2) -> 2 | V55: =MID(A55,11,1) -> 6 | W55: =IF(J55=J$3,1,2) -> 1
... A83: Picture_L_6B | B83: 102 | C83: 1 | D83: A | E83: 41 | F83: 3 | G83: 2.37 | H83: C | I83: C | J83: F | K83: F110C.jpg | L83: 13.87892 | M83: 01-30-2012 | N83: =L83-12.95 -> 0.92892 | O83: =B83 -> 102 | P83: =C83 -> 1 | Q83: =F83 -> 3 | R83: =E83-1 -> 40 | S83: =IF(D83=D$2,1,IF(D83=D$43,2,IF(D83=D$84,3))) -> 1 | T83: =L83 -> 13.87892 | U83: =IF(H83=H$5,1,2) -> 1 | V83: =MID(A83,11,1) -> 6 | W83: =IF(J83=J$3,1,2) -> 1
A84: Picture_L_6A | B84: 103 | C84: 2 | D84: A | E84: 1 | F84: 0 | H84: 0 | I84: 0 | J84: 0 | K84: F037C.jpg | L84: 18.52018 | M84: 41092 | N84: =L84-12.95 -> 5.57018 | O84: =B84 -> 103 | P84: =C84 -> 2 | Q84: =F84 -> 0 | R84: =E84-1 -> 0 | S84: =IF(D84=D$2,1,IF(D84=D$43,2,IF(D84=D$84,3))) -> 1 | T84: =L84 -> 18.52018 | U84: =IF(H84=H$5,1,2) -> 2 | V84: =MID(A84,11,1) -> 6 | W84: =IF(J84=J$3,1,2) -> 2
A85: Picture_L_6A | B85: 103 | C85: 2 | D85: A | E85: 2 | F85: 3 | G85: 2.99 | H85: A | I85: L | J85: M | K85: M041L.jpg | L85: 14.32735 | M85: 41092 | N85: =L85-12.95 -> 1.37735 | O85: =B85 -> 103 | P85: =C85 -> 2 | Q85: =F85 -> 3 | R85: =E85-1 -> 1 | S85: =IF(D85=D$2,1,IF(D85=D$43,2,IF(D85=D$84,3))) -> 1 | T85: =L85 -> 14.32735 | U85: =IF(H85=H$5,1,2) -> 2 | V85: =MID(A85,11,1) -> 6 | W85: =IF(J85=J$3,1,2) -> 2
A86: Picture_L_6A | B86: 103 | C86: 2 | D86: A | E86: 3 | F86: 2 | G86: 4.04 | H86: A | I86: L | J86: M | K86: M047L.jpg | L86: 14.85426 | M86: 41092 | N86: =L86-12.95 -> 1.90426 | O86: =B86 -> 103 | P86: =C86 -> 2 | Q86: =F86 -> 2 | R86: =E86-1 -> 2 | S86: =IF(D86=D$2,1,IF(D86=D$43,2,IF(D86=D$84,3))) -> 1 | T86: =L86 -> 14.85426 | U86: =IF(H86=H$5,1,2) -> 2 | V86: =MID(A86,11,1) -> 6 | W86: =IF(J86=J$3,1,2) -> 2
A87: Picture_L_6A | B87: 103 | C87: 2 | D87: A | E87: 4 | F87: 2 | G87: 3.84 | H87: C | I87: C | J87: M | K87: M061C.jpg | L87: 15.15695 | M87: 41092 | N87: =L87-12.95 -> 2.20695 | O87: =B87 -> 103 | P87: =C87 -> 2 | Q87: =F87 -> 2 | R87: =E87-1 -> 3 | S87: =IF(D87=D$2,1,IF(D87=D$43,2,IF(D87=D$84,3))) -> 1 | T87: =L87 -> 15.15695 | U87: =IF(H87=H$5,1,2) -> 1 | V87: =MID(A87,11,1) -> 6 | W87: =IF(J87=J$3,1,2) -> 2
A88: Picture_L_6A | B88: 103 | C88: 2 | D88: A | E88: 5 | F88: 3 | G88: 3.37 | H88: A | I88: L | J88: M | K88: M075L.jpg | L88: 16.79372 | M88: 41092 | N88: =L88-12.95 -> 3.84372 | O88: =B88 -> 103 | P88: =C88 -> 2 | Q88: =F88 -> 3 | R88: =E88-1 -> 4 | S88: =IF(D88=D$2,1,IF(D88=D$43,2,IF(D88=D$84,3))) -> 1 | T88: =L88 -> 16.79372 | U88: =IF(H88=H$5,1,2) -> 2 | V88: =MID(A88,11,1) -> 6 | W88: =IF(J88=J$3,1,2) -> 2
A89: Picture_L_6A | B89: 103 | C89: 2 | D89: A | E89: 6 | F89: 2 | G89: 4.68 | H89: A | I89: R | J89: F | K89: F013R.jpg | L89: 15.95292 | M89: 41092 | N89: =L89-12.95 -> 3.00292 | O89: =B89 -> 103 | P89: =C89 -> 2 | Q89: =F89 -> 2 | R89: =E89-1 -> 5 | S89: =IF(D89=D$2,1,IF(D89=D$43,2,IF(D89=D$84,3))) -> 1 | T89: =L89 -> 15.95292 | U89: =IF(H89=H$5,1,2) -> 2 | V89: =MID(A89,11,1) -> 6 | W89: =IF(J89=J$3,1,2) -> 1
A90: Picture_L_6A | B90: 103 | C90: 2 | D90: A | E90: 7 | F90: 2 | G90: 5.04 | H90: C | I90: C | J90: F | K90: F047C.jpg | L90: 18.43049 | M90: 41092 | N90: =L90-12.95 -> 5.48049 | O90: =B90 -> 103 | P90: =C90 -> 2 | Q90: =F90 -> 2 | R90: =E90-1 -> 6 | S90: =IF(D90=D$2,1,IF(D90=D$43,2,IF(D90=D$84,3))) -> 1 | T90: =L90 -> 18.43049 | U90: =IF(H90=H$5,1,2) -> 1 | V90: =MID(A90,11,1) -> 6 | W90: =IF(J90=J$3,1,2) -> 1
A91: Picture_L_6A | B91: 103 | C91: 2 | D91: A | E91: 8 | F91: 3 | G91: 3.37 | H91: C | I91: C | J91: M | K91: M075C.jpg | L91: 18.4417 | M91: 41092 | N91: =L91-12.95 -> 5.4917 | O91: =B91 -> 103 | P91: =C91 -> 2 | Q91: =F91 -> 3 | R91: =E91-1 -> 7 | S91: =IF(D91=D$2,1,IF(D91=D$43,2,IF(D91=D$84,3))) -> 1 | T91: =L91 -> 18.4417 | U91: =IF(H91=H$5,1,2) -> 1 | V91: =MID(A91,11,1) -> 6 | W91: =IF(J91=J$3,1,2) -> 2
A92: Picture_L_6A | B92: 103 | C92: 2 | D92: A | E92: 9 | F92: 1 | G92: 4.66 | H92: C | I92: C | J92: M | K92: M026C.jpg | L92: 15.07847 | M92: 41092 | N92: =L92-12.95 -> 2.12847 | O92: =B92 -> 103 | P92: =C92 -> 2 | Q92: =F92 -> 1 | R92: =E92-1 -> 8 | S92: =IF(D92=D$2,1,IF(D92=D$43,2,IF(D92=D$84,3))) -> 1 | T92: =L92 -> 15.07847 | U92: =IF(H92=H$5,1,2) -> 1 | V92: =MID(A92,11,1) -> 6 | W92: =IF(J92=J$3,1,2) -> 2
A93: Picture_L_6A | B93: 103 | C93: 2 | D93: A | E93: 10 | F93: 2 | G93: 4.37 | H93: A | I93: L | J93: M | K93: M011L.jpg | L93: 17.86996 | M93: 41092 | N93: =L93-12.95 -> 4.91996 | O93: =B93 -> 103 | P93: =C93 -> 2 | Q93: =F93 -> 2 | R93: =E93-1 -> 9 | S93: =IF(D93=D$2,1,IF(D93=D$43,2,IF(D93=D$84,3))) -> 1 | T93: =L93 -> 17.86996 | U93: =IF(H93=H$5,1,2) -> 2 | V93: =MID(A93,11,1) -> 6 | W93: =IF(J93=J$3,1,2) -> 2
A94: Picture_L_6A | B94: 103 | C94: 2 | D94: A | E94: 11 | F94: 1 | G94: 5.56 | H94: C | I94: C | J94: F | K94: F033C.jpg | L94: 20.7287 | M94: 41092 | N94: =L94-12.95 -> 7.7787 | O94: =B94 -> 103 | P94: =C94 -> 2 | Q94: =F94 -> 1 | R94: =E94-1 -> 10 | S94: =IF(D94=D$2,1,IF(D94=D$43,2,IF(D94=D$84,3))) -> 1 | T94: =L94 -> 20.7287 | U94: =IF(H94=H$5,1,2) -> 1 | V94: =MID(A94,11,1) -> 6 | W94: =IF(J94=J$3,1,2) -> 1
A95: Picture_L_6A | B95: 103 | C95: 2 | D95: A | E95: 12 | F95: 3 | G95: 2.92 | H95: C | I95: C | J95: F | K95: F036C.jpg | L95: 14.2713 | M95: 41092 | N95: =L95-12.95 -> 1.3213 | O95: =B95 -> 103 | P95: =C95 -> 2 | Q95: =F95 -> 3 | R95: =E95-1 -> 11 | S95: =IF(D95=D$2,1,IF(D95=D$43,2,IF(D95=D$84,3))) -> 1 | T95: =L95 -> 14.2713 | U95: =IF(H95=H$5,1,2) -> 1 | V95: =MID(A95,11,1) -> 6 | W95: =IF(J95=J$3,1,2) -> 1
A96: Picture_L_6A | B96: 103 | C96: 2 | D96: A | E96: 13 | F96: 2 | G96: 4.94 | H96: C | I96: C | J96: F | K96: F049C.jpg | L96: 20.5157 | M96: 41092 | N96: =L96-12.95 -> 7.5657 | O96: =B96 -> 103 | P96: =C96 -> 2 | Q96: =F96 -> 2 | R96: =E96-1 -> 12 | S96: =IF(D96=D$2,1,IF(D96=D$43,2,IF(D96=D$84,3))) -> 1 | T96: =L96 -> 20.5157 | U96: =IF(H96=H$5,1,2) -> 1 | V96: =MID(A96,11,1) -> 6 | W96: =IF(J96=J$3,1,2) -> 1
... A124: Picture_L_6A | B124: 103 | C124: 2 | D124: A | E124: 41 | F124: 3 | G124: 3.25 | H124: C | I124: C | J124: F | K124: F052C.jpg | L124: 14.43946 | M124: 41092 | N124: =L124-12.95 -> 1.48946 | O124: =B124 -> 103 | P124: =C124 -> 2 | Q124: =F124 -> 3 | R124: =E124-1 -> 40 | S124: =IF(D124=D$2,1,IF(D124=D$43,2,IF(D124=D$84,3))) -> 1 | T124: =L124 -> 14.43946 | U124: =IF(H124=H$5,1,2) -> 1 | V124: =MID(A124,11,1) -> 6 | W124: =IF(J124=J$3,1,2) -> 1
A125: Picture_L_2B | B125: 104 | C125: 3 | D125: A | E125: 1 | F125: 0 | H125: 0 | I125: 0 | J125: 0 | K125: M037L.jpg | L125: 17.67937 | M125: 02-14-2012 | N125: =L125-12.95 -> 4.72937 | O125: =B125 -> 104 | P125: =C125 -> 3 | Q125: =F125 -> 0 | R125: =E125-1 -> 0 | S125: =IF(D125=D$2,1,IF(D125=D$43,2,IF(D125=D$84,3))) -> 1 | T125: =L125 -> 17.67937 | U125: =IF(H125=H$5,1,2) -> 2 | V125: =MID(A125,11,1) -> 2 | W125: =IF(J125=J$3,1,2) -> 2
A126: Picture_L_2B | B126: 104 | C126: 3 | D126: A | E126: 2 | F126: 1 | G126: 6.04 | H126: A | I126: R | J126: M | K126: M084R.jpg | L126: 17.63453 | M126: 02-14-2012 | N126: =L126-12.95 -> 4.68453 | O126: =B126 -> 104 | P126: =C126 -> 3 | Q126: =F126 -> 1 | R126: =E126-1 -> 1 | S126: =IF(D126=D$2,1,IF(D126=D$43,2,IF(D126=D$84,3))) -> 1 | T126: =L126 -> 17.63453 | U126: =IF(H126=H$5,1,2) -> 2 | V126: =MID(A126,11,1) -> 2 | W126: =IF(J126=J$3,1,2) -> 2
A127: Picture_L_2B | B127: 104 | C127: 3 | D127: A | E127: 3 | F127: 3 | G127: 3.2 | H127: C | I127: C | J127: M | K127: M064C.jpg | L127: 17.28699 | M127: 02-14-2012 | N127: =L127-12.95 -> 4.33699 | O127: =B127 -> 104 | P127: =C127 -> 3 | Q127: =F127 -> 3 | R127: =E127-1 -> 2 | S127: =IF(D127=D$2,1,IF(D127=D$43,2,IF(D127=D$84,3))) -> 1 | T127: =L127 -> 17.28699 | U127: =IF(H127=H$5,1,2) -> 1 | V127: =MID(A127,11,1) -> 2 | W127: =IF(J127=J$3,1,2) -> 2
A128: Picture_L_2B | B128: 104 | C128: 3 | D128: A | E128: 4 | F128: 3 | G128: 3.02 | H128: C | I128: C | J128: F | K128: F085C.jpg | L128: 17.78027 | M128: 02-14-2012 | N128: =L128-12.95 -> 4.83027 | O128: =B128 -> 104 | P128: =C128 -> 3 | Q128: =F128 -> 3 | R128: =E128-1 -> 3 | S128: =IF(D128=D$2,1,IF(D128=D$43,2,IF(D128=D$84,3))) -> 1 | T128: =L128 -> 17.78027 | U128: =IF(H128=H$5,1,2) -> 1 | V128: =MID(A128,11,1) -> 2 | W128: =IF(J128=J$3,1,2) -> 1
A129: Picture_L_2B | B129: 104 | C129: 3 | D129: A | E129: 5 | F129: 3 | G129: 2.56 | H129: A | I129: L | J129: F | K129: F100L.jpg | L129: 16.9843 | M129: 02-14-2012 | N129: =L129-12.95 -> 4.0343 | O129: =B129 -> 104 | P129: =C129 -> 3 | Q129: =F129 -> 3 | R129: =E129-1 -> 4 | S129: =IF(D129=D$2,1,IF(D129=D$43,2,IF(D129=D$84,3))) -> 1 | T129: =L129 -> 16.9843 | U129: =IF(H129=H$5,1,2) -> 2 | V129: =MID(A129,11,1) -> 2 | W129: =IF(J129=J$3,1,2) -> 1
A130: Picture_L_2B | B130: 104 | C130: 3 | D130: A | E130: 6 | F130: 2 | G130: 5.19 | H130: A | I130: L | J130: F | K130: F003L.jpg | L130: 19.10314 | M130: 02-14-2012 | N130: =L130-12.95 -> 6.15314 | O130: =B130 -> 104 | P130: =C130 -> 3 | Q130: =F130 -> 2 | R130: =E130-1 -> 5 | S130: =IF(D130=D$2,1,IF(D130=D$43,2,IF(D130=D$84,3))) -> 1 | T130: =L130 -> 19.10314 | U130: =IF(H130=H$5,1,2) -> 2 | V130: =MID(A130,11,1) -> 2 | W130: =IF(J130=J$3,1,2) -> 1
A131: Picture_L_2B | B131: 104 | C131: 3 | D131: A | E131: 7 | F131: 1 | G131: 5.58 | H131: C | I131: C | J131: F | K131: F051C.jpg | L131: 19.82063 | M131: 02-14-2012 | N131: =L131-12.95 -> 6.87063 | O131: =B131 -> 104 | P131: =C131 -> 3 | Q131: =F131 -> 1 | R131: =E131-1 -> 6 | S131: =IF(D131=D$2,1,IF(D131=D$43,2,IF(D131=D$84,3))) -> 1 | T131: =L131 -> 19.82063 | U131: =IF(H131=H$5,1,2) -> 1 | V131: =MID(A131,11,1) -> 2 | W131: =IF(J131=J$3,1,2) -> 1
A132: Picture_L_2B | B132: 104 | C132: 3 | D132: A | E132: 8 | F132: 3 | G132: 2.56 | H132: C | I132: C | J132: F | K132: F100C.jpg | L132: 19.3722 | M132: 02-14-2012 | N132: =L132-12.95 -> 6.4222 | O132: =B132 -> 104 | P132: =C132 -> 3 | Q132: =F132 -> 3 | R132: =E132-1 -> 7 | S132: =IF(D132=D$2,1,IF(D132=D$43,2,IF(D132=D$84,3))) -> 1 | T132: =L132 -> 19.3722 | U132: =IF(H132=H$5,1,2) -> 1 | V132: =MID(A132,11,1) -> 2 | W132: =IF(J132=J$3,1,2) -> 1
A133: Picture_L_2B | B133: 104 | C133: 3 | D133: A | E133: 9 | F133: 3 | G133: 3.02 | H133: A | I133: R | J133: F | K133: F085R.jpg | L133: 17.98206 | M133: 02-14-2012 | N133: =L133-12.95 -> 5.03206 | O133: =B133 -> 104 | P133: =C133 -> 3 | Q133: =F133 -> 3 | R133: =E133-1 -> 8 | S133: =IF(D133=D$2,1,IF(D133=D$43,2,IF(D133=D$84,3))) -> 1 | T133: =L133 -> 17.98206 | U133: =IF(H133=H$5,1,2) -> 2 | V133: =MID(A133,11,1) -> 2 | W133: =IF(J133=J$3,1,2) -> 1
A134: Picture_L_2B | B134: 104 | C134: 3 | D134: A | E134: 10 | F134: 1 | G134: 5.08 | H134: A | I134: L | J134: M | K134: M002L.jpg | L134: 18.66592 | M134: 02-14-2012 | N134: =L134-12.95 -> 5.71592 | O134: =B134 -> 104 | P134: =C134 -> 3 | Q134: =F134 -> 1 | R134: =E134-1 -> 9 | S134: =IF(D134=D$2,1,IF(D134=D$43,2,IF(D134=D$84,3))) -> 1 | T134: =L134 -> 18.66592 | U134: =IF(H134=H$5,1,2) -> 2 | V134: =MID(A134,11,1) -> 2 | W134: =IF(J134=J$3,1,2) -> 2
A135: Picture_L_2B | B135: 104 | C135: 3 | D135: A | E135: 11 | F135: 1 | G135: 5.37 | H135: A | I135: R | J135: F | K135: F042R.jpg | L135: 19.23767 | M135: 02-14-2012 | N135: =L135-12.95 -> 6.28767 | O135: =B135 -> 104 | P135: =C135 -> 3 | Q135: =F135 -> 1 | R135: =E135-1 -> 10 | S135: =IF(D135=D$2,1,IF(D135=D$43,2,IF(D135=D$84,3))) -> 1 | T135: =L135 -> 19.23767 | U135: =IF(H135=H$5,1,2) -> 2 | V135: =MID(A135,11,1) -> 2 | W135: =IF(J135=J$3,1,2) -> 1
A136: Picture_L_2B | B136: 104 | C136: 3 | D136: A | E136: 12 | F136: 3 | G136: 3.39 | H136: A | I136: L | J136: F | K136: F023L.jpg | L136: 16.49103 | M136: 02-14-2012 | N136: =L136-12.95 -> 3.54103 | O136: =B136 -> 104 | P136: =C136 -> 3 | Q136: =F136 -> 3 | R136: =E136-1 -> 11 | S136: =IF(D136=D$2,1,IF(D136=D$43,2,IF(D136=D$84,3))) -> 1 | T136: =L136 -> 16.49103 | U136: =IF(H136=H$5,1,2) -> 2 | V136: =MID(A136,11,1) -> 2 | W136: =IF(J136=J$3,1,2) -> 1
A137: Picture_L_2B | B137: 104 | C137: 3 | D137: A | E137: 13 | F137: 3 | G137: 1.97 | H137: A | I137: L | J137: M | K137: M025L.jpg | L137: 14.69731 | M137: 02-14-2012 | N137: =L137-12.95 -> 1.74731 | O137: =B137 -> 104 | P137: =C137 -> 3 | Q137: =F137 -> 3 | R137: =E137-1 -> 12 | S137: =IF(D137=D$2,1,IF(D137=D$43,2,IF(D137=D$84,3))) -> 1 | T137: =L137 -> 14.69731 | U137: =IF(H137=H$5,1,2) -> 2 | V137: =MID(A137,11,1) -> 2 | W137: =IF(J137=J$3,1,2) -> 2
... A165: Picture_L_2B | B165: 104 | C165: 3 | D165: A | E165: 41 | F165: 2 | G165: 4.81 | H165: A | I165: L | J165: F | K165: F068L.jpg | L165: 16.47982 | M165: 02-14-2012 | N165: =L165-12.95 -> 3.52982 | O165: =B165 -> 104 | P165: =C165 -> 3 | Q165: =F165 -> 2 | R165: =E165-1 -> 40 | S165: =IF(D165=D$2,1,IF(D165=D$43,2,IF(D165=D$84,3))) -> 1 | T165: =L165 -> 16.47982 | U165: =IF(H165=H$5,1,2) -> 2 | V165: =MID(A165,11,1) -> 2 | W165: =IF(J165=J$3,1,2) -> 1
A166: Picture_L_4A | B166: 105 | C166: 3 | D166: A | E166: 1 | F166: 0 | H166: 0 | I166: 0 | J166: 0 | K166: F043C.jpg | L166: 17.85874 | M166: 02-16-2012 | N166: =L166-12.95 -> 4.90874 | O166: =B166 -> 105 | P166: =C166 -> 3 | Q166: =F166 -> 0 | R166: =E166-1 -> 0 | S166: =IF(D166=D$2,1,IF(D166=D$43,2,IF(D166=D$84,3))) -> 1 | T166: =L166 -> 17.85874 | U166: =IF(H166=H$5,1,2) -> 2 | V166: =MID(A166,11,1) -> 4 | W166: =IF(J166=J$3,1,2) -> 2
A167: Picture_L_4A | B167: 105 | C167: 3 | D167: A | E167: 2 | F167: 2 | G167: 4.73 | H167: C | I167: C | J167: F | K167: F099C.jpg | L167: 15.77354 | M167: 02-16-2012 | N167: =L167-12.95 -> 2.82354 | O167: =B167 -> 105 | P167: =C167 -> 3 | Q167: =F167 -> 2 | R167: =E167-1 -> 1 | S167: =IF(D167=D$2,1,IF(D167=D$43,2,IF(D167=D$84,3))) -> 1 | T167: =L167 -> 15.77354 | U167: =IF(H167=H$5,1,2) -> 1 | V167: =MID(A167,11,1) -> 4 | W167: =IF(J167=J$3,1,2) -> 1
A168: Picture_L_4A | B168: 105 | C168: 3 | D168: A | E168: 3 | F168: 2 | G168: 4.73 | H168: A | I168: L | J168: F | K168: F099L.jpg | L168: 15.8296 | M168: 02-16-2012 | N168: =L168-12.95 -> 2.8796 | O168: =B168 -> 105 | P168: =C168 -> 3 | Q168: =F168 -> 2 | R168: =E168-1 -> 2 | S168: =IF(D168=D$2,1,IF(D168=D$43,2,IF(D168=D$84,3))) -> 1 | T168: =L168 -> 15.8296 | U168: =IF(H168=H$5,1,2) -> 2 | V168: =MID(A168,11,1) -> 4 | W168: =IF(J168=J$3,1,2) -> 1
A169: Picture_L_4A | B169: 105 | C169: 3 | D169: A | E169: 4 | F169: 3 | G169: 3.53 | H169: C | I169: C | J169: F | K169: F092C.jpg | L169: 18.17265 | M169: 02-16-2012 | N169: =L169-12.95 -> 5.22265 | O169: =B169 -> 105 | P169: =C169 -> 3 | Q169: =F169 -> 3 | R169: =E169-1 -> 3 | S169: =IF(D169=D$2,1,IF(D169=D$43,2,IF(D169=D$84,3))) -> 1 | T169: =L169 -> 18.17265 | U169: =IF(H169=H$5,1,2) -> 1 | V169: =MID(A169,11,1) -> 4 | W169: =IF(J169=J$3,1,2) -> 1
A170: Picture_L_4A | B170: 105 | C170: 3 | D170: A | E170: 5 | F170: 1 | G170: 4.6 | H170: C | I170: C | J170: M | K170: M072C.jpg | L170: 18.9574 | M170: 02-16-2012 | N170: =L170-12.95 -> 6.0074 | O170: =B170 -> 105 | P170: =C170 -> 3 | Q170: =F170 -> 1 | R170: =E170-1 -> 4 | S170: =IF(D170=D$2,1,IF(D170=D$43,2,IF(D170=D$84,3))) -> 1 | T170: =L170 -> 18.9574 | U170: =IF(H170=H$5,1,2) -> 1 | V170: =MID(A170,11,1) -> 4 | W170: =IF(J170=J$3,1,2) -> 2
A171: Picture_L_4A | B171: 105 | C171: 3 | D171: A | E171: 6 | F171: 2 | G171: 4.02 | H171: A | I171: R | J171: M | K171: M067R.jpg | L171: 18.43049 | M171: 02-16-2012 | N171: =L171-12.95 -> 5.48049 | O171: =B171 -> 105 | P171: =C171 -> 3 | Q171: =F171 -> 2 | R171: =E171-1 -> 5 | S171: =IF(D171=D$2,1,IF(D171=D$43,2,IF(D171=D$84,3))) -> 1 | T171: =L171 -> 18.43049 | U171: =IF(H171=H$5,1,2) -> 2 | V171: =MID(A171,11,1) -> 4 | W171: =IF(J171=J$3,1,2) -> 2
A172: Picture_L_4A | B172: 105 | C172: 3 | D172: A | E172: 7 | F172: 2 | G172: 4.63 | H172: C | I172: C | J172: F | K172: F029C.jpg | L172: 18.40807 | M172: 02-16-2012 | N172: =L172-12.95 -> 5.45807 | O172: =B172 -> 105 | P172: =C172 -> 3 | Q172: =F172 -> 2 | R172: =E172-1 -> 6 | S172: =IF(D172=D$2,1,IF(D172=D$43,2,IF(D172=D$84,3))) -> 1 | T172: =L172 -> 18.40807 | U172: =IF(H172=H$5,1,2) -> 1 | V172: =MID(A172,11,1) -> 4 | W172: =IF(J172=J$3,1,2) -> 1
A173: Picture_L_4A | B173: 105 | C173: 3 | D173: A | E173: 8 | F173: 2 | G173: 4.02 | H173: C | I173: C | J173: M | K173: M067C.jpg | L173: 18.91256 | M173: 02-16-2012 | N173: =L173-12.95 -> 5.96256 | O173: =B173 -> 105 | P173: =C173 -> 3 | Q173: =F173 -> 2 | R173: =E173-1 -> 7 | S173: =IF(D173=D$2,1,IF(D173=D$43,2,IF(D173=D$84,3))) -> 1 | T173: =L173 -> 18.91256 | U173: =IF(H173=H$5,1,2) -> 1 | V173: =MID(A173,11,1) -> 4 | W173: =IF(J173=J$3,1,2) -> 2
A174: Picture_L_4A | B174: 105 | C174: 3 | D174: A | E174: 9 | F174: 3 | G174: 3.53 | H174: A | I174: L | J174: F | K174: F092L.jpg | L174: 16.76009 | M174: 02-16-2012 | N174: =L174-12.95 -> 3.81009 | O174: =B174 -> 105 | P174: =C174 -> 3 | Q174: =F174 -> 3 | R174: =E174-1 -> 8 | S174: =IF(D174=D$2,1,IF(D174=D$43,2,IF(D174=D$84,3))) -> 1 | T174: =L174 -> 16.76009 | U174: =IF(H174=H$5,1,2) -> 2 | V174: =MID(A174,11,1) -> 4 | W174: =IF(J174=J$3,1,2) -> 1
A175: Picture_L_4A | B175: 105 | C175: 3 | D175: A | E175: 10 | F175: 1 | G175: 4.84 | H175: C | I175: C | J175: M | K175: M090C.jpg | L175: 18.92377 | M175: 02-16-2012 | N175: =L175-12.95 -> 5.97377 | O175: =B175 -> 105 | P175: =C175 -> 3 | Q175: =F175 -> 1 | R175: =E175-1 -> 9 | S175: =IF(D175=D$2,1,IF(D175=D$43,2,IF(D175=D$84,3))) -> 1 | T175: =L175 -> 18.92377 | U175: =IF(H175=H$5,1,2) -> 1 | V175: =MID(A175,11,1) -> 4 | W175: =IF(J175=J$3,1,2) -> 2
A176: Picture_L_4A | B176: 105 | C176: 3 | D176: A | E176: 11 | F176: 3 | G176: 2.76 | H176: C | I176: C | J176: M | K176: M044C.jpg | L176: 19.09193 | M176: 02-16-2012 | N176: =L176-12.95 -> 6.14193 | O176: =B176 -> 105 | P176: =C176 -> 3 | Q176: =F176 -> 3 | R176: =E176-1 -> 10 | S176: =IF(D176=D$2,1,IF(D176=D$43,2,IF(D176=D$84,3))) -> 1 | T176: =L176 -> 19.09193 | U176: =IF(H176=H$5,1,2) -> 1 | V176: =MID(A176,11,1) -> 4 | W176: =IF(J176=J$3,1,2) -> 2
A177: Picture_L_4A | B177: 105 | C177: 3 | D177: A | E177: 12 | F177: 3 | G177: 3.31 | H177: A | I177: L | J177: M | K177: M085L.jpg | L177: 18.6435 | M177: 02-16-2012 | N177: =L177-12.95 -> 5.6935 | O177: =B177 -> 105 | P177: =C177 -> 3 | Q177: =F177 -> 3 | R177: =E177-1 -> 11 | S177: =IF(D177=D$2,1,IF(D177=D$43,2,IF(D177=D$84,3))) -> 1 | T177: =L177 -> 18.6435 | U177: =IF(H177=H$5,1,2) -> 2 | V177: =MID(A177,11,1) -> 4 | W177: =IF(J177=J$3,1,2) -> 2
A178: Picture_L_4A | B178: 105 | C178: 3 | D178: A | E178: 13 | F178: 3 | G178: 3.31 | H178: C | I178: C | J178: M | K178: M085C.jpg | L178: 19.12556 | M178: 02-16-2012 | N178: =L178-12.95 -> 6.17556 | O178: =B178 -> 105 | P178: =C178 -> 3 | Q178: =F178 -> 3 | R178: =E178-1 -> 12 | S178: =IF(D178=D$2,1,IF(D178=D$43,2,IF(D178=D$84,3))) -> 1 | T178: =L178 -> 19.12556 | U178: =IF(H178=H$5,1,2) -> 1 | V178: =MID(A178,11,1) -> 4 | W178: =IF(J178=J$3,1,2) -> 2
... A206: Picture_L_4A | B206: 105 | C206: 3 | D206: A | E206: 41 | F206: 1 | G206: 5.76 | H206: C | I206: C | J206: F | K206: F069C.jpg | L206: 20.84081 | M206: 02-16-2012 | N206: =L206-12.95 -> 7.89081 | O206: =B206 -> 105 | P206: =C206 -> 3 | Q206: =F206 -> 1 | R206: =E206-1 -> 40 | S206: =IF(D206=D$2,1,IF(D206=D$43,2,IF(D206=D$84,3))) -> 1 | T206: =L206 -> 20.84081 | U206: =IF(H206=H$5,1,2) -> 1 | V206: =MID(A206,11,1) -> 4 | W206: =IF(J206=J$3,1,2) -> 1
A207: Picture_L_3A | B207: 106 | C207: 2 | D207: A | E207: 1 | F207: 0 | H207: 0 | I207: 0 | J207: 0 | K207: M053R.jpg | L207: 18.47534 | M207: 41154 | N207: =L207-12.95 -> 5.52534 | O207: =B207 -> 106 | P207: =C207 -> 2 | Q207: =F207 -> 0 | R207: =E207-1 -> 0 | S207: =IF(D207=D$2,1,IF(D207=D$43,2,IF(D207=D$84,3))) -> 1 | T207: =L207 -> 18.47534 | U207: =IF(H207=H$5,1,2) -> 2 | V207: =MID(A207,11,1) -> 3 | W207: =IF(J207=J$3,1,2) -> 2
A208: Picture_L_3A | B208: 106 | C208: 2 | D208: A | E208: 2 | F208: 3 | G208: 3.41 | H208: A | I208: L | J208: F | K208: F077L.jpg | L208: 16.50224 | M208: 41154 | N208: =L208-12.95 -> 3.55224 | O208: =B208 -> 106 | P208: =C208 -> 2 | Q208: =F208 -> 3 | R208: =E208-1 -> 1 | S208: =IF(D208=D$2,1,IF(D208=D$43,2,IF(D208=D$84,3))) -> 1 | T208: =L208 -> 16.50224 | U208: =IF(H208=H$5,1,2) -> 2 | V208: =MID(A208,11,1) -> 3 | W208: =IF(J208=J$3,1,2) -> 1
A209: Picture_L_3A | B209: 106 | C209: 2 | D209: A | E209: 3 | F209: 2 | G209: 4.48 | H209: C | I209: C | J209: M | K209: M050C.jpg | L209: 17.11883 | M209: 41154 | N209: =L209-12.95 -> 4.16883 | O209: =B209 -> 106 | P209: =C209 -> 2 | Q209: =F209 -> 2 | R209: =E209-1 -> 2 | S209: =IF(D209=D$2,1,IF(D209=D$43,2,IF(D209=D$84,3))) -> 1 | T209: =L209 -> 17.11883 | U209: =IF(H209=H$5,1,2) -> 1 | V209: =MID(A209,11,1) -> 3 | W209: =IF(J209=J$3,1,2) -> 2
A210: Picture_L_3A | B210: 106 | C210: 2 | D210: A | E210: 4 | F210: 3 | G210: 2.75 | H210: A | I210: L | J210: M | K210: M036L.jpg | L210: 16.83857 | M210: 41154 | N210: =L210-12.95 -> 3.88857 | O210: =B210 -> 106 | P210: =C210 -> 2 | Q210: =F210 -> 3 | R210: =E210-1 -> 3 | S210: =IF(D210=D$2,1,IF(D210=D$43,2,IF(D210=D$84,3))) -> 1 | T210: =L210 -> 16.83857 | U210: =IF(H210=H$5,1,2) -> 2 | V210: =MID(A210,11,1) -> 3 | W210: =IF(J210=J$3,1,2) -> 2
A211: Picture_L_3A | B211: 106 | C211: 2 | D211: A | E211: 5 | F211: 1 | G211: 4.82 | H211: A | I211: L | J211: M | K211: M023L.jpg | L211: 19.26009 | M211: 41154 | N211: =L211-12.95 -> 6.31009 | O211: =B211 -> 106 | P211: =C211 -> 2 | Q211: =F211 -> 1 | R211: =E211-1 -> 4 | S211: =IF(D211=D$2,1,IF(D211=D$43,2,IF(D211=D$84,3))) -> 1 | T211: =L211 -> 19.26009 | U211: =IF(H211=H$5,1,2) -> 2 | V211: =MID(A211,11,1) -> 3 | W211: =IF(J211=J$3,1,2) -> 2
A212: Picture_L_3A | B212: 106 | C212: 2 | D212: A | E212: 6 | F212: 3 | G212: 3.41 | H212: C | I212: C | J212: F | K212: F077C.jpg | L212: 18.27354 | M212: 41154 | N212: =L212-12.95 -> 5.32354 | O212: =B212 -> 106 | P212: =C212 -> 2 | Q212: =F212 -> 3 | R212: =E212-1 -> 5 | S212: =IF(D212=D$2,1,IF(D212=D$43,2,IF(D212=D$84,3))) -> 1 | T212: =L212 -> 18.27354 | U212: =IF(H212=H$5,1,2) -> 1 | V212: =MID(A212,11,1) -> 3 | W212: =IF(J212=J$3,1,2) -> 1
A213: Picture_L_3A | B213: 106 | C213: 2 | D213: A | E213: 7 | F213: 1 | G213: 6.28 | H213: C | I213: C | J213: F | K213: F074C.jpg | L213: 21.02018 | M213: 41154 | N213: =L213-12.95 -> 8.07018 | O213: =B213 -> 106 | P213: =C213 -> 2 | Q213: =F213 -> 1 | R213: =E213-1 -> 6 | S213: =IF(D213=D$2,1,IF(D213=D$43,2,IF(D213=D$84,3))) -> 1 | T213: =L213 -> 21.02018 | U213: =IF(H213=H$5,1,2) -> 1 | V213: =MID(A213,11,1) -> 3 | W213: =IF(J213=J$3,1,2) -> 1
A214: Picture_L_3A | B214: 106 | C214: 2 | D214: A | E214: 8 | F214: 1 | G214: 5.12 | H214: A | I214: R | J214: M | K214: M035R.jpg | L214: 17.74664 | M214: 41154 | N214: =L214-12.95 -> 4.79664 | O214: =B214 -> 106 | P214: =C214 -> 2 | Q214: =F214 -> 1 | R214: =E214-1 -> 7 | S214: =IF(D214=D$2,1,IF(D214=D$43,2,IF(D214=D$84,3))) -> 1 | T214: =L214 -> 17.74664 | U214: =IF(H214=H$5,1,2) -> 2 | V214: =MID(A214,11,1) -> 3 | W214: =IF(J214=J$3,1,2) -> 2
A215: Picture_L_3A | B215: 106 | C215: 2 | D215: A | E215: 9 | F215: 3 | G215: 3.23 | H215: A | I215: L | J215: M | K215: M034L.jpg | L215: 15.28027 | M215: 41154 | N215: =L215-12.95 -> 2.33027 | O215: =B215 -> 106 | P215: =C215 -> 2 | Q215: =F215 -> 3 | R215: =E215-1 -> 8 | S215: =IF(D215=D$2,1,IF(D215=D$43,2,IF(D215=D$84,3))) -> 1 | T215: =L215 -> 15.28027 | U215: =IF(H215=H$5,1,2) -> 2 | V215: =MID(A215,11,1) -> 3 | W215: =IF(J215=J$3,1,2) -> 2
A216: Picture_L_3A | B216: 106 | C216: 2 | D216: A | E216: 10 | F216: 3 | G216: 2.75 | H216: C | I216: C | J216: M | K216: M036C.jpg | L216: 16.03139 | M216: 41154 | N216: =L216-12.95 -> 3.08139 | O216: =B216 -> 106 | P216: =C216 -> 2 | Q216: =F216 -> 3 | R216: =E216-1 -> 9 | S216: =IF(D216=D$2,1,IF(D216=D$43,2,IF(D216=D$84,3))) -> 1 | T216: =L216 -> 16.03139 | U216: =IF(H216=H$5,1,2) -> 1 | V216: =MID(A216,11,1) -> 3 | W216: =IF(J216=J$3,1,2) -> 2
A217: Picture_L_3A | B217: 106 | C217: 2 | D217: A | E217: 11 | F217: 3 | G217: 3.02 | H217: A | I217: R | J217: F | K217: F111R.jpg | L217: 17.25336 | M217: 41154 | N217: =L217-12.95 -> 4.30336 | O217: =B217 -> 106 | P217: =C217 -> 2 | Q217: =F217 -> 3 | R217: =E217-1 -> 10 | S217: =IF(D217=D$2,1,IF(D217=D$43,2,IF(D217=D$84,3))) -> 1 | T217: =L217 -> 17.25336 | U217: =IF(H217=H$5,1,2) -> 2 | V217: =MID(A217,11,1) -> 3 | W217: =IF(J217=J$3,1,2) -> 1
A218: Picture_L_3A | B218: 106 | C218: 2 | D218: A | E218: 12 | F218: 2 | G218: 5.01 | H218: A | I218: R | J218: F | K218: F057R.jpg | L218: 17.43274 | M218: 41154 | N218: =L218-12.95 -> 4.48274 | O218: =B218 -> 106 | P218: =C218 -> 2 | Q218: =F218 -> 2 | R218: =E218-1 -> 11 | S218: =IF(D218=D$2,1,IF(D218=D$43,2,IF(D218=D$84,3))) -> 1 | T218: =L218 -> 17.43274 | U218: =IF(H218=H$5,1,2) -> 2 | V218: =MID(A218,11,1) -> 3 | W218: =IF(J218=J$3,1,2) -> 1
A219: Picture_L_3A | B219: 106 | C219: 2 | D219: A | E219: 13 | F219: 1 | G219: 5.63 | H219: A | I219: L | J219: F | K219: F105L.jpg | L219: 19.29372 | M219: 41154 | N219: =L219-12.95 -> 6.34372 | O219: =B219 -> 106 | P219: =C219 -> 2 | Q219: =F219 -> 1 | R219: =E219-1 -> 12 | S219: =IF(D219=D$2,1,IF(D219=D$43,2,IF(D219=D$84,3))) -> 1 | T219: =L219 -> 19.29372 | U219: =IF(H219=H$5,1,2) -> 2 | V219: =MID(A219,11,1) -> 3 | W219: =IF(J219=J$3,1,2) -> 1
... A247: Picture_L_3A | B247: 106 | C247: 2 | D247: A | E247: 41 | F247: 2 | G247: 5.2 | H247: C | I247: C | J247: F | K247: F006C.jpg | L247: 19.76457 | M247: 41154 | N247: =L247-12.95 -> 6.81457 | O247: =B247 -> 106 | P247: =C247 -> 2 | Q247: =F247 -> 2 | R247: =E247-1 -> 40 | S247: =IF(D247=D$2,1,IF(D247=D$43,2,IF(D247=D$84,3))) -> 1 | T247: =L247 -> 19.76457 | U247: =IF(H247=H$5,1,2) -> 1 | V247: =MID(A247,11,1) -> 3 | W247: =IF(J247=J$3,1,2) -> 1
A248: Picture_L_6B | B248: 107 | C248: 1 | D248: A | E248: 1 | F248: 0 | H248: 0 | I248: 0 | J248: 0 | K248: F098L.jpg | L248: 16.93946 | M248: 40910 | N248: =L248-12.95 -> 3.98946 | O248: =B248 -> 107 | P248: =C248 -> 1 | Q248: =F248 -> 0 | R248: =E248-1 -> 0 | S248: =IF(D248=D$2,1,IF(D248=D$43,2,IF(D248=D$84,3))) -> 1 | T248: =L248 -> 16.93946 | U248: =IF(H248=H$5,1,2) -> 2 | V248: =MID(A248,11,1) -> 6 | W248: =IF(J248=J$3,1,2) -> 2
A249: Picture_L_6B | B249: 107 | C249: 1 | D249: A | E249: 2 | F249: 2 | G249: 4.37 | H249: A | I249: L | J249: M | K249: M011L.jpg | L249: 17.66816 | M249: 40910 | N249: =L249-12.95 -> 4.71816 | O249: =B249 -> 107 | P249: =C249 -> 1 | Q249: =F249 -> 2 | R249: =E249-1 -> 1 | S249: =IF(D249=D$2,1,IF(D249=D$43,2,IF(D249=D$84,3))) -> 1 | T249: =L249 -> 17.66816 | U249: =IF(H249=H$5,1,2) -> 2 | V249: =MID(A249,11,1) -> 6 | W249: =IF(J249=J$3,1,2) -> 2
A250: Picture_L_6B | B250: 107 | C250: 1 | D250: A | E250: 3 | F250: 1 | G250: 4.66 | H250: C | I250: C | J250: M | K250: M026C.jpg | L250: 16.26682 | M250: 40910 | N250: =L250-12.95 -> 3.31682 | O250: =B250 -> 107 | P250: =C250 -> 1 | Q250: =F250 -> 1 | R250: =E250-1 -> 2 | S250: =IF(D250=D$2,1,IF(D250=D$43,2,IF(D250=D$84,3))) -> 1 | T250: =L250 -> 16.26682 | U250: =IF(H250=H$5,1,2) -> 1 | V250: =MID(A250,11,1) -> 6 | W250: =IF(J250=J$3,1,2) -> 2
A251: Picture_L_6B | B251: 107 | C251: 1 | D251: A | E251: 4 | F251: 2 | G251: 4.94 | H251: A | I251: R | J251: F | K251: F049R.jpg | L251: 19.29372 | M251: 40910 | N251: =L251-12.95 -> 6.34372 | O251: =B251 -> 107 | P251: =C251 -> 1 | Q251: =F251 -> 2 | R251: =E251-1 -> 3 | S251: =IF(D251=D$2,1,IF(D251=D$43,2,IF(D251=D$84,3))) -> 1 | T251: =L251 -> 19.29372 | U251: =IF(H251=H$5,1,2) -> 2 | V251: =MID(A251,11,1) -> 6 | W251: =IF(J251=J$3,1,2) -> 1
A252: Picture_L_6B | B252: 107 | C252: 1 | D252: A | E252: 5 | F252: 2 | G252: 4.04 | H252: A | I252: L | J252: M | K252: M047L.jpg | L252: 15.28027 | M252: 40910 | N252: =L252-12.95 -> 2.33027 | O252: =B252 -> 107 | P252: =C252 -> 1 | Q252: =F252 -> 2 | R252: =E252-1 -> 4 | S252: =IF(D252=D$2,1,IF(D252=D$43,2,IF(D252=D$84,3))) -> 1 | T252: =L252 -> 15.28027 | U252: =IF(H252=H$5,1,2) -> 2 | V252: =MID(A252,11,1) -> 6 | W252: =IF(J252=J$3,1,2) -> 2
...

Sheet overview sessions
C1: correction value | E1: =AVERAGE(E7:E36,E41:E62,E64:E70,E75:E96,E98:E104) -> 5.0577674 | F1: =AVERAGE(F7:F36,F41:F62,F64:F70,F75:F96,F98:F104) -> 5.1211503 | G1: =AVERAGE(G7:G36,G41:G62,G64:G70,G75:G96,G98:G104) -> 6.8267323 | H1: =AVERAGE(H7:H36,H41:H62,H64:H70,H75:H96,H98:H104) -> 5.9289264 | I1: =AVERAGE(I7:I36,I41:I62,I64:I70,I75:I96,I98:I104) -> 3.6945053 | J1: =AVERAGE(J7:J36,J41:J62,J64:J70,J75:J96,J98:J104) -> 5.6546275 | K1: =AVERAGE(K7:K36,K41:K62,K64:K70,K75:K96,K98:K104) -> 4.879786 | L1: =AVERAGE(L7:L36,L41:L62,L64:L70,L75:L96,L98:L104) -> 3.5565398 | N1: =AVERAGE(N7:N36,N41:N62,N64:N70,N75:N96,N98:N104) -> 4.9954289 | O1: =AVERAGE(O7:O36,O41:O62,O64:O70,O75:O96,O98:O104) -> 6.5833602 | P1: =AVERAGE(P7:P36,P41:P62,P64:P70,P75:P96,P98:P104) -> 5.7942682 | Q1: =AVERAGE(Q7:Q36,Q41:Q62,Q64:Q70,Q75:Q96,Q98:Q104) -> 3.6400838 | R1: =AVERAGE(R7:R36,R41:R62,R64:R70,R75:R96,R98:R104) -> 5.5663161 | S1: =AVERAGE(S7:S36,S41:S62,S64:S70,S75:S96,S98:S104) -> 4.712108 | T1: =AVERAGE(T7:T36,T41:T62,T64:T70,T75:T96,T98:T104) -> 3.5098719
A2: =MIN(rawdata!K:K) -> 12.97085 | C2: 12.9
A3: =MAX(rawdata!K:K) -> 25.05605 | F3: Direct gaze | H3: C | N3: Averted gaze | P3: A
C4: Session=1 | G4: 1 | H4: 2 | I4: 3 | J4: 1 | K4: 2 | L4: 3 | O4: 1 | P4: 2 | Q4: 3 | R4: 1 | S4: 2 | T4: 3
E5: VAS | G5: F | J5: M | O5: F | R5: M
E6: all stim | F6: all direct | G6: Attractive | H6: Neutral | I6: Unattractive | J6: Attractive | K6: Neutral | L6: Unattractive | N6: all indirect | O6: Attractive | P6: Neutral | Q6: Unattractive | R6: Attractive | S6: Neutral | T6: Unattractive
A7: A | B7: 1 | C7: A | D7: 101 | E7: =AVERAGEIFS(rawdata!$K:$K,rawdata!$A:$A,'overview sessions'!$D7,rawdata!$B:$B,'overview sessions'!$B$7)-$C$2 -> 5.6117027 | F7: =AVERAGEIFS(rawdata!$K:$K,rawdata!$A:$A,'overview sessions'!$D7,rawdata!$B:$B,'overview sessions'!$B$7,rawdata!$G:$G,'overview sessions'!$H$3)-$C$2 -> 5.5932725 | G7: =AVERAGEIFS(rawdata!$K:$K,rawdata!$A:$A,'overview sessions'!$D7,rawdata!$B:$B,'overview sessions'!$B$7,rawdata!$G:$G,'overview sessions'!$H$3,rawdata!$I:$I,'overview sessions'!$G$5,rawdata!$E:$E,'overview sessions'!G$4)-$C$2 -> 7.23079 | H7: =AVERAGEIFS(rawdata!$K:$K,rawdata!$A:$A,'overview sessions'!$D7,rawdata!$B:$B,'overview sessions'!$B$7,rawdata!$G:$G,'overview sessions'!$H$3,rawdata!$I:$I,'overview sessions'!$G$5,rawdata!$E:$E,'overview sessions'!H$4)-$C$2 -> 6.2171525 | I7: =AVERAGEIFS(rawdata!$K:$K,rawdata!$A:$A,'overview sessions'!$D7,rawdata!$B:$B,'overview sessions'!$B$7,rawdata!$G:$G,'overview sessions'!$H$3,rawdata!$I:$I,'overview sessions'!$G$5,rawdata!$E:$E,'overview sessions'!I$4)-$C$2 -> 2.8324367 | J7: =AVERAGEIFS(rawdata!$K:$K,rawdata!$A:$A,'overview sessions'!$D7,rawdata!$B:$B,'overview sessions'!$B$7,rawdata!$G:$G,'overview sessions'!$H$3,rawdata!$I:$I,'overview sessions'!$J$5,rawdata!$E:$E,'overview sessions'!J$4)-$C$2 -> 7.2457367 | K7: =AVERAGEIFS(rawdata!$K:$K,rawdata!$A:$A,'overview sessions'!$D7,rawdata!$B:$B,'overview sessions'!$B$7,rawdata!$G:$G,'overview sessions'!$H$3,rawdata!$I:$I,'overview sessions'!$J$5,rawdata!$E:$E,'overview sessions'!K$4)-$C$2 -> 6.0517925 | L7: =AVERAGEIFS(rawdata!$K:$K,rawdata!$A:$A,'overview sessions'!$D7,rawdata!$B:$B,'overview sessions'!$B$7,rawdata!$G:$G,'overview sessions'!$H$3,rawdata!$I:$I,'overview sessions'!$J$5,rawdata!$E:$E,'overview sessions'!L$4)-$C$2 -> 3.6209267 | N7: =AVERAGEIFS(rawdata!$K:$K,rawdata!$A:$A,'overview sessions'!$D7,rawdata!$B:$B,'overview sessions'!$B$7,rawdata!$G:$G,'overview sessions'!$P$3)-$C$2 -> 5.538902 | O7: =AVERAGEIFS(rawdata!$K:$K,rawdata!$A:$A,'overview sessions'!$D7,rawdata!$B:$B,'overview sessions'!$B$7,rawdata!$G:$G,'overview sessions'!$P$3,rawdata!$I:$I,'overview sessions'!$G$5,rawdata!$E:$E,'overview sessions'!O$4)-$C$2 -> 7.2868467 | P7: =AVERAGEIFS(rawdata!$K:$K,rawdata!$A:$A,'overview sessions'!$D7,rawdata!$B:$B,'overview sessions'!$B$7,rawdata!$G:$G,'overview sessions'!$P$3,rawdata!$I:$I,'overview sessions'!$G$5,rawdata!$E:$E,'overview sessions'!P$4)-$C$2 -> 6.5198425 | Q7: =AVERAGEIFS(rawdata!$K:$K,rawdata!$A:$A,'overview sessions'!$D7,rawdata!$B:$B,'overview sessions'!$B$7,rawdata!$G:$G,'overview sessions'!$P$3,rawdata!$I:$I,'overview sessions'!$G$5,rawdata!$E:$E,'overview sessions'!Q$4)-$C$2 -> 2.32048 | R7: =AVERAGEIFS(rawdata!$K:$K,rawdata!$A:$A,'overview sessions'!$D7,rawdata!$B:$B,'overview sessions'!$B$7,rawdata!$G:$G,'overview sessions'!$P$3,rawdata!$I:$I,'overview sessions'!$J$5,rawdata!$E:$E,'overview sessions'!R$4)-$C$2 -> 6.9056833 | S7: =AVERAGEIFS(rawdata!$K:$K,rawdata!$A:$A,'overview sessions'!$D7,rawdata!$B:$B,'overview sessions'!$B$7,rawdata!$G:$G,'overview sessions'!$P$3,rawdata!$I:$I,'overview sessions'!$J$5,rawdata!$E:$E,'overview sessions'!S$4)-$C$2 -> 6.4553825 | T7: =AVERAGEIFS(rawdata!$K:$K,rawdata!$A:$A,'overview sessions'!$D7,rawdata!$B:$B,'overview sessions'!$B$7,rawdata!$G:$G,'overview sessions'!$P$3,rawdata!$I:$I,'overview sessions'!$J$5,rawdata!$E:$E,'overview sessions'!T$4)-$C$2 -> 3.1127033
A8: A | B8: 1 | C8: A | D8: 102 | E8: =AVERAGEIFS(rawdata!$K:$K,rawdata!$A:$A,'overview sessions'!$D8,rawdata!$B:$B,'overview sessions'!$B$7)-$C$2 -> 1.5654385 | F8: =AVERAGEIFS(rawdata!$K:$K,rawdata!$A:$A,'overview sessions'!$D8,rawdata!$B:$B,'overview sessions'!$B$7,rawdata!$G:$G,'overview sessions'!$H$3)-$C$2 -> 1.670629 | G8: =AVERAGEIFS(rawdata!$K:$K,rawdata!$A:$A,'overview sessions'!$D8,rawdata!$B:$B,'overview sessions'!$B$7,rawdata!$G:$G,'overview sessions'!$H$3,rawdata!$I:$I,'overview sessions'!$G$5,rawdata!$E:$E,'overview sessions'!G$4)-$C$2 -> 4.0357267 | H8: =AVERAGEIFS(rawdata!$K:$K,rawdata!$A:$A,'overview sessions'!$D8,rawdata!$B:$B,'overview sessions'!$B$7,rawdata!$G:$G,'overview sessions'!$H$3,rawdata!$I:$I,'overview sessions'!$G$5,rawdata!$E:$E,'overview sessions'!H$4)-$C$2 -> 1.9066175 | I8: =AVERAGEIFS(rawdata!$K:$K,rawdata!$A:$A,'overview sessions'!$D8,rawdata!$B:$B,'overview sessions'!$B$7,rawdata!$G:$G,'overview sessions'!$H$3,rawdata!$I:$I,'overview sessions'!$G$5,rawdata!$E:$E,'overview sessions'!I$4)-$C$2 -> 0.47070333 | J8: =AVERAGEIFS(rawdata!$K:$K,rawdata!$A:$A,'overview sessions'!$D8,rawdata!$B:$B,'overview sessions'!$B$7,rawdata!$G:$G,'overview sessions'!$H$3,rawdata!$I:$I,'overview sessions'!$J$5,rawdata!$E:$E,'overview sessions'!J$4)-$C$2 -> 2.6979067 | K8: =AVERAGEIFS(rawdata!$K:$K,rawdata!$A:$A,'overview sessions'!$D8,rawdata!$B:$B,'overview sessions'!$B$7,rawdata!$G:$G,'overview sessions'!$H$3,rawdata!$I:$I,'overview sessions'!$J$5,rawdata!$E:$E,'overview sessions'!K$4)-$C$2 -> 0.9088575 | L8: =AVERAGEIFS(rawdata!$K:$K,rawdata!$A:$A,'overview sessions'!$D8,rawdata!$B:$B,'overview sessions'!$B$7,rawdata!$G:$G,'overview sessions'!$H$3,rawdata!$I:$I,'overview sessions'!$J$5,rawdata!$E:$E,'overview sessions'!L$4)-$C$2 -> 0.17922333 | N8: =AVERAGEIFS(rawdata!$K:$K,rawdata!$A:$A,'overview sessions'!$D8,rawdata!$B:$B,'overview sessions'!$B$7,rawdata!$G:$G,'overview sessions'!$P$3)-$C$2 -> 1.48565 | O8: =AVERAGEIFS(rawdata!$K:$K,rawdata!$A:$A,'overview sessions'!$D8,rawdata!$B:$B,'overview sessions'!$B$7,rawdata!$G:$G,'overview sessions'!$P$3,rawdata!$I:$I,'overview sessions'!$G$5,rawdata!$E:$E,'overview sessions'!O$4)-$C$2 -> 4.0581467 | P8: =AVERAGEIFS(rawdata!$K:$K,rawdata!$A:$A,'overview sessions'!$D8,rawdata!$B:$B,'overview sessions'!$B$7,rawdata!$G:$G,'overview sessions'!$P$3,rawdata!$I:$I,'overview sessions'!$G$5,rawdata!$E:$E,'overview sessions'!P$4)-$C$2 -> 1.34047 | Q8: =AVERAGEIFS(rawdata!$K:$K,rawdata!$A:$A,'overview sessions'!$D8,rawdata!$B:$B,'overview sessions'!$B$7,rawdata!$G:$G,'overview sessions'!$P$3,rawdata!$I:$I,'overview sessions'!$G$5,rawdata!$E:$E,'overview sessions'!Q$4)-$C$2 -> 0.18669667 | R8: =AVERAGEIFS(rawdata!$K:$K,rawdata!$A:$A,'overview sessions'!$D8,rawdata!$B:$B,'overview sessions'!$B$7,rawdata!$G:$G,'overview sessions'!$P$3,rawdata!$I:$I,'overview sessions'!$J$5,rawdata!$E:$E,'overview sessions'!R$4)-$C$2 -> 2.29058 | S8: =AVERAGEIFS(rawdata!$K:$K,rawdata!$A:$A,'overview sessions'!$D8,rawdata!$B:$B,'overview sessions'!$B$7,rawdata!$G:$G,'overview sessions'!$P$3,rawdata!$I:$I,'overview sessions'!$J$5,rawdata!$E:$E,'overview sessions'!S$4)-$C$2 -> 0.886435 | T8: =AVERAGEIFS(rawdata!$K:$K,rawdata!$A:$A,'overview sessions'!$D8,rawdata!$B:$B,'overview sessions'!$B$7,rawdata!$G:$G,'overview sessions'!$P$3,rawdata!$I:$I,'overview sessions'!$J$5,rawdata!$E:$E,'overview sessions'!T$4)-$C$2 -> 0.39970333
A9: C | B9: 1 | C9: C | D9: 103 | E9: =AVERAGEIFS(rawdata!$K:$K,rawdata!$A:$A,'overview sessions'!$D9,rawdata!$B:$B,'overview sessions'!$B$7)-$C$2 -> 3.4879471 | F9: =AVERAGEIFS(rawdata!$K:$K,rawdata!$A:$A,'overview sessions'!$D9,rawdata!$B:$B,'overview sessions'!$B$7,rawdata!$G:$G,'overview sessions'!$H$3)-$C$2 -> 3.4335205 | G9: =AVERAGEIFS(rawdata!$K:$K,rawdata!$A:$A,'overview sessions'!$D9,rawdata!$B:$B,'overview sessions'!$B$7,rawdata!$G:$G,'overview sessions'!$H$3,rawdata!$I:$I,'overview sessions'!$G$5,rawdata!$E:$E,'overview sessions'!G$4)-$C$2 -> 4.4729467 | H9: =AVERAGEIFS(rawdata!$K:$K,rawdata!$A:$A,'overview sessions'!$D9,rawdata!$B:$B,'overview sessions'!$B$7,rawdata!$G:$G,'overview sessions'!$H$3,rawdata!$I:$I,'overview sessions'!$G$5,rawdata!$E:$E,'overview sessions'!H$4)-$C$2 -> 5.6622225 | I9: =AVERAGEIFS(rawdata!$K:$K,rawdata!$A:$A,'overview sessions'!$D9,rawdata!$B:$B,'overview sessions'!$B$7,rawdata!$G:$G,'overview sessions'!$H$3,rawdata!$I:$I,'overview sessions'!$G$5,rawdata!$E:$E,'overview sessions'!I$4)-$C$2 -> 1.5955133 | J9: =AVERAGEIFS(rawdata!$K:$K,rawdata!$A:$A,'overview sessions'!$D9,rawdata!$B:$B,'overview sessions'!$B$7,rawdata!$G:$G,'overview sessions'!$H$3,rawdata!$I:$I,'overview sessions'!$J$5,rawdata!$E:$E,'overview sessions'!J$4)-$C$2 -> 4.2150967 | K9: =AVERAGEIFS(rawdata!$K:$K,rawdata!$A:$A,'overview sessions'!$D9,rawdata!$B:$B,'overview sessions'!$B$7,rawdata!$G:$G,'overview sessions'!$H$3,rawdata!$I:$I,'overview sessions'!$J$5,rawdata!$E:$E,'overview sessions'!K$4)-$C$2 -> 1.6235425 | L9: =AVERAGEIFS(rawdata!$K:$K,rawdata!$A:$A,'overview sessions'!$D9,rawdata!$B:$B,'overview sessions'!$B$7,rawdata!$G:$G,'overview sessions'!$H$3,rawdata!$I:$I,'overview sessions'!$J$5,rawdata!$E:$E,'overview sessions'!L$4)-$C$2 -> 2.8922267 | N9: =AVERAGEIFS(rawdata!$K:$K,rawdata!$A:$A,'overview sessions'!$D9,rawdata!$B:$B,'overview sessions'!$B$7,rawdata!$G:$G,'overview sessions'!$P$3)-$C$2 -> 3.5299325 | O9: =AVERAGEIFS(rawdata!$K:$K,rawdata!$A:$A,'overview sessions'!$D9,rawdata!$B:$B,'overview sessions'!$B$7,rawdata!$G:$G,'overview sessions'!$P$3,rawdata!$I:$I,'overview sessions'!$G$5,rawdata!$E:$E,'overview sessions'!O$4)-$C$2 -> 6.74873 | P9: =AVERAGEIFS(rawdata!$K:$K,rawdata!$A:$A,'overview sessions'!$D9,rawdata!$B:$B,'overview sessions'!$B$7,rawdata!$G:$G,'overview sessions'!$P$3,rawdata!$I:$I,'overview sessions'!$G$5,rawdata!$E:$E,'overview sessions'!P$4)-$C$2 -> 5.774325 | Q9: =AVERAGEIFS(rawdata!$K:$K,rawdata!$A:$A,'overview sessions'!$D9,rawdata!$B:$B,'overview sessions'!$B$7,rawdata!$G:$G,'overview sessions'!$P$3,rawdata!$I:$I,'overview sessions'!$G$5,rawdata!$E:$E,'overview sessions'!Q$4)-$C$2 -> 2.66054 | R9: =AVERAGEIFS(rawdata!$K:$K,rawdata!$A:$A,'overview sessions'!$D9,rawdata!$B:$B,'overview sessions'!$B$7,rawdata!$G:$G,'overview sessions'!$P$3,rawdata!$I:$I,'overview sessions'!$J$5,rawdata!$E:$E,'overview sessions'!R$4)-$C$2 -> 2.7988033 | S9: =AVERAGEIFS(rawdata!$K:$K,rawdata!$A:$A,'overview sessions'!$D9,rawdata!$B:$B,'overview sessions'!$B$7,rawdata!$G:$G,'overview sessions'!$P$3,rawdata!$I:$I,'overview sessions'!$J$5,rawdata!$E:$E,'overview sessions'!S$4)-$C$2 -> 1.7384525 | T9: =AVERAGEIFS(rawdata!$K:$K,rawdata!$A:$A,'overview sessions'!$D9,rawdata!$B:$B,'overview sessions'!$B$7,rawdata!$G:$G,'overview sessions'!$P$3,rawdata!$I:$I,'overview sessions'!$J$5,rawdata!$E:$E,'overview sessions'!T$4)-$C$2 -> 1.3077733
A10: C | B10: 1 | C10: C | D10: 104 | E10: =AVERAGEIFS(rawdata!$K:$K,rawdata!$A:$A,'overview sessions'!$D10,rawdata!$B:$B,'overview sessions'!$B$7)-$C$2 -> 5.6475234 | F10: =AVERAGEIFS(rawdata!$K:$K,rawdata!$A:$A,'overview sessions'!$D10,rawdata!$B:$B,'overview sessions'!$B$7,rawdata!$G:$G,'overview sessions'!$H$3)-$C$2 -> 6.773767 | G10: =AVERAGEIFS(rawdata!$K:$K,rawdata!$A:$A,'overview sessions'!$D10,rawdata!$B:$B,'overview sessions'!$B$7,rawdata!$G:$G,'overview sessions'!$H$3,rawdata!$I:$I,'overview sessions'!$G$5,rawdata!$E:$E,'overview sessions'!G$4)-$C$2 -> 7.4213767 | H10: =AVERAGEIFS(rawdata!$K:$K,rawdata!$A:$A,'overview sessions'!$D10,rawdata!$B:$B,'overview sessions'!$B$7,rawdata!$G:$G,'overview sessions'!$H$3,rawdata!$I:$I,'overview sessions'!$G$5,rawdata!$E:$E,'overview sessions'!H$4)-$C$2 -> 6.8813925 | I10: =AVERAGEIFS(rawdata!$K:$K,rawdata!$A:$A,'overview sessions'!$D10,rawdata!$B:$B,'overview sessions'!$B$7,rawdata!$G:$G,'overview sessions'!$H$3,rawdata!$I:$I,'overview sessions'!$G$5,rawdata!$E:$E,'overview sessions'!I$4)-$C$2 -> 6.7562033 | J10: =AVERAGEIFS(rawdata!$K:$K,rawdata!$A:$A,'overview sessions'!$D10,rawdata!$B:$B,'overview sessions'!$B$7,rawdata!$G:$G,'overview sessions'!$H$3,rawdata!$I:$I,'overview sessions'!$J$5,rawdata!$E:$E,'overview sessions'!J$4)-$C$2 -> 8.0005967 | K10: =AVERAGEIFS(rawdata!$K:$K,rawdata!$A:$A,'overview sessions'!$D10,rawdata!$B:$B,'overview sessions'!$B$7,rawdata!$G:$G,'overview sessions'!$H$3,rawdata!$I:$I,'overview sessions'!$J$5,rawdata!$E:$E,'overview sessions'!K$4)-$C$2 -> 6.929035 | L10: =AVERAGEIFS(rawdata!$K:$K,rawdata!$A:$A,'overview sessions'!$D10,rawdata!$B:$B,'overview sessions'!$B$7,rawdata!$G:$G,'overview sessions'!$H$3,rawdata!$I:$I,'overview sessions'!$J$5,rawdata!$E:$E,'overview sessions'!L$4)-$C$2 -> 4.5663667 | N10: =AVERAGEIFS(rawdata!$K:$K,rawdata!$A:$A,'overview sessions'!$D10,rawdata!$B:$B,'overview sessions'!$B$7,rawdata!$G:$G,'overview sessions'!$P$3)-$C$2 -> 4.4598665 | O10: =AVERAGEIFS(rawdata!$K:$K,rawdata!$A:$A,'overview sessions'!$D10,rawdata!$B:$B,'overview sessions'!$B$7,rawdata!$G:$G,'overview sessions'!$P$3,rawdata!$I:$I,'overview sessions'!$G$5,rawdata!$E:$E,'overview sessions'!O$4)-$C$2 -> 5.42586 | P10: =AVERAGEIFS(rawdata!$K:$K,rawdata!$A:$A,'overview sessions'!$D10,rawdata!$B:$B,'overview sessions'!$B$7,rawdata!$G:$G,'overview sessions'!$P$3,rawdata!$I:$I,'overview sessions'!$G$5,rawdata!$E:$E,'overview sessions'!P$4)-$C$2 -> 5.25583 | Q10: =AVERAGEIFS(rawdata!$K:$K,rawdata!$A:$A,'overview sessions'!$D10,rawdata!$B:$B,'overview sessions'!$B$7,rawdata!$G:$G,'overview sessions'!$P$3,rawdata!$I:$I,'overview sessions'!$G$5,rawdata!$E:$E,'overview sessions'!Q$4)-$C$2 -> 3.1874433 | R10: =AVERAGEIFS(rawdata!$K:$K,rawdata!$A:$A,'overview sessions'!$D10,rawdata!$B:$B,'overview sessions'!$B$7,rawdata!$G:$G,'overview sessions'!$P$3,rawdata!$I:$I,'overview sessions'!$J$5,rawdata!$E:$E,'overview sessions'!R$4)-$C$2 -> 5.81076 | S10: =AVERAGEIFS(rawdata!$K:$K,rawdata!$A:$A,'overview sessions'!$D10,rawdata!$B:$B,'overview sessions'!$B$7,rawdata!$G:$G,'overview sessions'!$P$3,rawdata!$I:$I,'overview sessions'!$J$5,rawdata!$E:$E,'overview sessions'!S$4)-$C$2 -> 4.070295 | T10: =AVERAGEIFS(rawdata!$K:$K,rawdata!$A:$A,'overview sessions'!$D10,rawdata!$B:$B,'overview sessions'!$B$7,rawdata!$G:$G,'overview sessions'!$P$3,rawdata!$I:$I,'overview sessions'!$J$5,rawdata!$E:$E,'overview sessions'!T$4)-$C$2 -> 2.8735467
A11: B | B11: 1 | C11: B | D11: 105 | E11: =AVERAGEIFS(rawdata!$K:$K,rawdata!$A:$A,'overview sessions'!$D11,rawdata!$B:$B,'overview sessions'!$B$7)-$C$2 -> 4.8447222 | F11: =AVERAGEIFS(rawdata!$K:$K,rawdata!$A:$A,'overview sessions'!$D11,rawdata!$B:$B,'overview sessions'!$B$7,rawdata!$G:$G,'overview sessions'!$H$3)-$C$2 -> 5.3174885 | G11: =AVERAGEIFS(rawdata!$K:$K,rawdata!$A:$A,'overview sessions'!$D11,rawdata!$B:$B,'overview sessions'!$B$7,rawdata!$G:$G,'overview sessions'!$H$3,rawdata!$I:$I,'overview sessions'!$G$5,rawdata!$E:$E,'overview sessions'!G$4)-$C$2 -> 6.5618833 | H11: =AVERAGEIFS(rawdata!$K:$K,rawdata!$A:$A,'overview sessions'!$D11,rawdata!$B:$B,'overview sessions'!$B$7,rawdata!$G:$G,'overview sessions'!$H$3,rawdata!$I:$I,'overview sessions'!$G$5,rawdata!$E:$E,'overview sessions'!H$4)-$C$2 -> 5.5781375 | I11: =AVERAGEIFS(rawdata!$K:$K,rawdata!$A:$A,'overview sessions'!$D11,rawdata!$B:$B,'overview sessions'!$B$7,rawdata!$G:$G,'overview sessions'!$H$3,rawdata!$I:$I,'overview sessions'!$G$5,rawdata!$E:$E,'overview sessions'!I$4)-$C$2 -> 3.5387133 | J11: =AVERAGEIFS(rawdata!$K:$K,rawdata!$A:$A,'overview sessions'!$D11,rawdata!$B:$B,'overview sessions'!$B$7,rawdata!$G:$G,'overview sessions'!$H$3,rawdata!$I:$I,'overview sessions'!$J$5,rawdata!$E:$E,'overview sessions'!J$4)-$C$2 -> 6.1358767 | K11: =AVERAGEIFS(rawdata!$K:$K,rawdata!$A:$A,'overview sessions'!$D11,rawdata!$B:$B,'overview sessions'!$B$7,rawdata!$G:$G,'overview sessions'!$H$3,rawdata!$I:$I,'overview sessions'!$J$5,rawdata!$E:$E,'overview sessions'!K$4)-$C$2 -> 5.14372 | L11: =AVERAGEIFS(rawdata!$K:$K,rawdata!$A:$A,'overview sessions'!$D11,rawdata!$B:$B,'overview sessions'!$B$7,rawdata!$G:$G,'overview sessions'!$H$3,rawdata!$I:$I,'overview sessions'!$J$5,rawdata!$E:$E,'overview sessions'!L$4)-$C$2 -> 4.91764 | N11: =AVERAGEIFS(rawdata!$K:$K,rawdata!$A:$A,'overview sessions'!$D11,rawdata!$B:$B,'overview sessions'!$B$7,rawdata!$G:$G,'overview sessions'!$P$3)-$C$2 -> 4.4161425 | O11: =AVERAGEIFS(rawdata!$K:$K,rawdata!$A:$A,'overview sessions'!$D11,rawdata!$B:$B,'overview sessions'!$B$7,rawdata!$G:$G,'overview sessions'!$P$3,rawdata!$I:$I,'overview sessions'!$G$5,rawdata!$E:$E,'overview sessions'!O$4)-$C$2 -> 5.3585933 | P11: =AVERAGEIFS(rawdata!$K:$K,rawdata!$A:$A,'overview sessions'!$D11,rawdata!$B:$B,'overview sessions'!$B$7,rawdata!$G:$G,'overview sessions'!$P$3,rawdata!$I:$I,'overview sessions'!$G$5,rawdata!$E:$E,'overview sessions'!P$4)-$C$2 -> 4.67287 | Q11: =AVERAGEIFS(rawdata!$K:$K,rawdata!$A:$A,'overview sessions'!$D11,rawdata!$B:$B,'overview sessions'!$B$7,rawdata!$G:$G,'overview sessions'!$P$3,rawdata!$I:$I,'overview sessions'!$G$5,rawdata!$E:$E,'overview sessions'!Q$4)-$C$2 -> 3.6433467 | R11: =AVERAGEIFS(rawdata!$K:$K,rawdata!$A:$A,'overview sessions'!$D11,rawdata!$B:$B,'overview sessions'!$B$7,rawdata!$G:$G,'overview sessions'!$P$3,rawdata!$I:$I,'overview sessions'!$J$5,rawdata!$E:$E,'overview sessions'!R$4)-$C$2 -> 5.5641233 | S11: =AVERAGEIFS(rawdata!$K:$K,rawdata!$A:$A,'overview sessions'!$D11,rawdata!$B:$B,'overview sessions'!$B$7,rawdata!$G:$G,'overview sessions'!$P$3,rawdata!$I:$I,'overview sessions'!$J$5,rawdata!$E:$E,'overview sessions'!S$4)-$C$2 -> 4.1880025 | T11: =AVERAGEIFS(rawdata!$K:$K,rawdata!$A:$A,'overview sessions'!$D11,rawdata!$B:$B,'overview sessions'!$B$7,rawdata!$G:$G,'overview sessions'!$P$3,rawdata!$I:$I,'overview sessions'!$J$5,rawdata!$E:$E,'overview sessions'!T$4)-$C$2 -> 3.06039
A12: B | B12: 1 | C12: B | D12: 106 | E12: =AVERAGEIFS(rawdata!$K:$K,rawdata!$A:$A,'overview sessions'!$D12,rawdata!$B:$B,'overview sessions'!$B$7)-$C$2 -> 5.7011156 | F12: =AVERAGEIFS(rawdata!$K:$K,rawdata!$A:$A,'overview sessions'!$D12,rawdata!$B:$B,'overview sessions'!$B$7,rawdata!$G:$G,'overview sessions'!$H$3)-$C$2 -> 6.2227575 | G12: =AVERAGEIFS(rawdata!$K:$K,rawdata!$A:$A,'overview sessions'!$D12,rawdata!$B:$B,'overview sessions'!$B$7,rawdata!$G:$G,'overview sessions'!$H$3,rawdata!$I:$I,'overview sessions'!$G$5,rawdata!$E:$E,'overview sessions'!G$4)-$C$2 -> 8.3929733 | H12: =AVERAGEIFS(rawdata!$K:$K,rawdata!$A:$A,'overview sessions'!$D12,rawdata!$B:$B,'overview sessions'!$B$7,rawdata!$G:$G,'overview sessions'!$H$3,rawdata!$I:$I,'overview sessions'!$G$5,rawdata!$E:$E,'overview sessions'!H$4)-$C$2 -> 7.5344175 | I12: =AVERAGEIFS(rawdata!$K:$K,rawdata!$A:$A,'overview sessions'!$D12,rawdata!$B:$B,'overview sessions'!$B$7,rawdata!$G:$G,'overview sessions'!$H$3,rawdata!$I:$I,'overview sessions'!$G$5,rawdata!$E:$E,'overview sessions'!I$4)-$C$2 -> 2.70538 | J12: =AVERAGEIFS(rawdata!$K:$K,rawdata!$A:$A,'overview sessions'!$D12,rawdata!$B:$B,'overview sessions'!$B$7,rawdata!$G:$G,'overview sessions'!$H$3,rawdata!$I:$I,'overview sessions'!$J$5,rawdata!$E:$E,'overview sessions'!J$4)-$C$2 -> 6.9318367 | K12: =AVERAGEIFS(rawdata!$K:$K,rawdata!$A:$A,'overview sessions'!$D12,rawdata!$B:$B,'overview sessions'!$B$7,rawdata!$G:$G,'overview sessions'!$H$3,rawdata!$I:$I,'overview sessions'!$J$5,rawdata!$E:$E,'overview sessions'!K$4)-$C$2 -> 7.029935 | L12: =AVERAGEIFS(rawdata!$K:$K,rawdata!$A:$A,'overview sessions'!$D12,rawdata!$B:$B,'overview sessions'!$B$7,rawdata!$G:$G,'overview sessions'!$H$3,rawdata!$I:$I,'overview sessions'!$J$5,rawdata!$E:$E,'overview sessions'!L$4)-$C$2 -> 4.0357233 | N12: =AVERAGEIFS(rawdata!$K:$K,rawdata!$A:$A,'overview sessions'!$D12,rawdata!$B:$B,'overview sessions'!$B$7,rawdata!$G:$G,'overview sessions'!$P$3)-$C$2 -> 5.310202 | O12: =AVERAGEIFS(rawdata!$K:$K,rawdata!$A:$A,'overview sessions'!$D12,rawdata!$B:$B,'overview sessions'!$B$7,rawdata!$G:$G,'overview sessions'!$P$3,rawdata!$I:$I,'overview sessions'!$G$5,rawdata!$E:$E,'overview sessions'!O$4)-$C$2 -> 7.4325867 | P12: =AVERAGEIFS(rawdata!$K:$K,rawdata!$A:$A,'overview sessions'!$D12,rawdata!$B:$B,'overview sessions'!$B$7,rawdata!$G:$G,'overview sessions'!$P$3,rawdata!$I:$I,'overview sessions'!$G$5,rawdata!$E:$E,'overview sessions'!P$4)-$C$2 -> 6.760875 | Q12: =AVERAGEIFS(rawdata!$K:$K,rawdata!$A:$A,'overview sessions'!$D12,rawdata!$B:$B,'overview sessions'!$B$7,rawdata!$G:$G,'overview sessions'!$P$3,rawdata!$I:$I,'overview sessions'!$G$5,rawdata!$E:$E,'overview sessions'!Q$4)-$C$2 -> 3.6844533 | R12: =AVERAGEIFS(rawdata!$K:$K,rawdata!$A:$A,'overview sessions'!$D12,rawdata!$B:$B,'overview sessions'!$B$7,rawdata!$G:$G,'overview sessions'!$P$3,rawdata!$I:$I,'overview sessions'!$J$5,rawdata!$E:$E,'overview sessions'!R$4)-$C$2 -> 6.4310933 | S12: =AVERAGEIFS(rawdata!$K:$K,rawdata!$A:$A,'overview sessions'!$D12,rawdata!$B:$B,'overview sessions'!$B$7,rawdata!$G:$G,'overview sessions'!$P$3,rawdata!$I:$I,'overview sessions'!$J$5,rawdata!$E:$E,'overview sessions'!S$4)-$C$2 -> 4.1459625 | T12: =AVERAGEIFS(rawdata!$K:$K,rawdata!$A:$A,'overview sessions'!$D12,rawdata!$B:$B,'overview sessions'!$B$7,rawdata!$G:$G,'overview sessions'!$P$3,rawdata!$I:$I,'overview sessions'!$J$5,rawdata!$E:$E,'overview sessions'!T$4)-$C$2 -> 3.3107633
A13: A | B13: 1 | C13: A | D13: 107 | E13: =AVERAGEIFS(rawdata!$K:$K,rawdata!$A:$A,'overview sessions'!$D13,rawdata!$B:$B,'overview sessions'!$B$7)-$C$2 -> 3.922159 | F13: =AVERAGEIFS(rawdata!$K:$K,rawdata!$A:$A,'overview sessions'!$D13,rawdata!$B:$B,'overview sessions'!$B$7,rawdata!$G:$G,'overview sessions'!$H$3)-$C$2 -> 3.8180495 | G13: =AVERAGEIFS(rawdata!$K:$K,rawdata!$A:$A,'overview sessions'!$D13,rawdata!$B:$B,'overview sessions'!$B$7,rawdata!$G:$G,'overview sessions'!$H$3,rawdata!$I:$I,'overview sessions'!$G$5,rawdata!$E:$E,'overview sessions'!G$4)-$C$2 -> 4.2562033 | H13: =AVERAGEIFS(rawdata!$K:$K,rawdata!$A:$A,'overview sessions'!$D13,rawdata!$B:$B,'overview sessions'!$B$7,rawdata!$G:$G,'overview sessions'!$H$3,rawdata!$I:$I,'overview sessions'!$G$5,rawdata!$E:$E,'overview sessions'!H$4)-$C$2 -> 5.2698425 | I13: =AVERAGEIFS(rawdata!$K:$K,rawdata!$A:$A,'overview sessions'!$D13,rawdata!$B:$B,'overview sessions'!$B$7,rawdata!$G:$G,'overview sessions'!$H$3,rawdata!$I:$I,'overview sessions'!$G$5,rawdata!$E:$E,'overview sessions'!I$4)-$C$2 -> 2.2868467 | J13: =AVERAGEIFS(rawdata!$K:$K,rawdata!$A:$A,'overview sessions'!$D13,rawdata!$B:$B,'overview sessions'!$B$7,rawdata!$G:$G,'overview sessions'!$H$3,rawdata!$I:$I,'overview sessions'!$J$5,rawdata!$E:$E,'overview sessions'!J$4)-$C$2 -> 3.63214 | K13: =AVERAGEIFS(rawdata!$K:$K,rawdata!$A:$A,'overview sessions'!$D13,rawdata!$B:$B,'overview sessions'!$B$7,rawdata!$G:$G,'overview sessions'!$H$3,rawdata!$I:$I,'overview sessions'!$J$5,rawdata!$E:$E,'overview sessions'!K$4)-$C$2 -> 3.51816 | L13: =AVERAGEIFS(rawdata!$K:$K,rawdata!$A:$A,'overview sessions'!$D13,rawdata!$B:$B,'overview sessions'!$B$7,rawdata!$G:$G,'overview sessions'!$H$3,rawdata!$I:$I,'overview sessions'!$J$5,rawdata!$E:$E,'overview sessions'!L$4)-$C$2 -> 3.5611367 | N13: =AVERAGEIFS(rawdata!$K:$K,rawdata!$A:$A,'overview sessions'!$D13,rawdata!$B:$B,'overview sessions'!$B$7,rawdata!$G:$G,'overview sessions'!$P$3)-$C$2 -> 4.0204035 | O13: =AVERAGEIFS(rawdata!$K:$K,rawdata!$A:$A,'overview sessions'!$D13,rawdata!$B:$B,'overview sessions'!$B$7,rawdata!$G:$G,'overview sessions'!$P$3,rawdata!$I:$I,'overview sessions'!$G$5,rawdata!$E:$E,'overview sessions'!O$4)-$C$2 -> 5.0222733 | P13: =AVERAGEIFS(rawdata!$K:$K,rawdata!$A:$A,'overview sessions'!$D13,rawdata!$B:$B,'overview sessions'!$B$7,rawdata!$G:$G,'overview sessions'!$P$3,rawdata!$I:$I,'overview sessions'!$G$5,rawdata!$E:$E,'overview sessions'!P$4)-$C$2 -> 5.2950675 | Q13: =AVERAGEIFS(rawdata!$K:$K,rawdata!$A:$A,'overview sessions'!$D13,rawdata!$B:$B,'overview sessions'!$B$7,rawdata!$G:$G,'overview sessions'!$P$3,rawdata!$I:$I,'overview sessions'!$G$5,rawdata!$E:$E,'overview sessions'!Q$4)-$C$2 -> 2.5857967 | R13: =AVERAGEIFS(rawdata!$K:$K,rawdata!$A:$A,'overview sessions'!$D13,rawdata!$B:$B,'overview sessions'!$B$7,rawdata!$G:$G,'overview sessions'!$P$3,rawdata!$I:$I,'overview sessions'!$J$5,rawdata!$E:$E,'overview sessions'!R$4)-$C$2 -> 3.88251 | S13: =AVERAGEIFS(rawdata!$K:$K,rawdata!$A:$A,'overview sessions'!$D13,rawdata!$B:$B,'overview sessions'!$B$7,rawdata!$G:$G,'overview sessions'!$P$3,rawdata!$I:$I,'overview sessions'!$J$5,rawdata!$E:$E,'overview sessions'!S$4)-$C$2 -> 3.520965 | T13: =AVERAGEIFS(rawdata!$K:$K,rawdata!$A:$A,'overview sessions'!$D13,rawdata!$B:$B,'overview sessions'!$B$7,rawdata!$G:$G,'overview sessions'!$P$3,rawdata!$I:$I,'overview sessions'!$J$5,rawdata!$E:$E,'overview sessions'!T$4)-$C$2 -> 3.5574
A14: A | B14: 1 | C14: A | D14: 108 | E14: =AVERAGEIFS(rawdata!$K:$K,rawdata!$A:$A,'overview sessions'!$D14,rawdata!$B:$B,'overview sessions'!$B$7)-$C$2 -> 4.768708 | F14: =AVERAGEIFS(rawdata!$K:$K,rawdata!$A:$A,'overview sessions'!$D14,rawdata!$B:$B,'overview sessions'!$B$7,rawdata!$G:$G,'overview sessions'!$H$3)-$C$2 -> 4.848879 | G14: =AVERAGEIFS(rawdata!$K:$K,rawdata!$A:$A,'overview sessions'!$D14,rawdata!$B:$B,'overview sessions'!$B$7,rawdata!$G:$G,'overview sessions'!$H$3,rawdata!$I:$I,'overview sessions'!$G$5,rawdata!$E:$E,'overview sessions'!G$4)-$C$2 -> 6.2106133 | H14: =AVERAGEIFS(rawdata!$K:$K,rawdata!$A:$A,'overview sessions'!$D14,rawdata!$B:$B,'overview sessions'!$B$7,rawdata!$G:$G,'overview sessions'!$H$3,rawdata!$I:$I,'overview sessions'!$G$5,rawdata!$E:$E,'overview sessions'!H$4)-$C$2 -> 5.8584075 | I14: =AVERAGEIFS(rawdata!$K:$K,rawdata!$A:$A,'overview sessions'!$D14,rawdata!$B:$B,'overview sessions'!$B$7,rawdata!$G:$G,'overview sessions'!$H$3,rawdata!$I:$I,'overview sessions'!$G$5,rawdata!$E:$E,'overview sessions'!I$4)-$C$2 -> 1.04245 | J14: =AVERAGEIFS(rawdata!$K:$K,rawdata!$A:$A,'overview sessions'!$D14,rawdata!$B:$B,'overview sessions'!$B$7,rawdata!$G:$G,'overview sessions'!$H$3,rawdata!$I:$I,'overview sessions'!$J$5,rawdata!$E:$E,'overview sessions'!J$4)-$C$2 -> 5.2651733 | K14: =AVERAGEIFS(rawdata!$K:$K,rawdata!$A:$A,'overview sessions'!$D14,rawdata!$B:$B,'overview sessions'!$B$7,rawdata!$G:$G,'overview sessions'!$H$3,rawdata!$I:$I,'overview sessions'!$J$5,rawdata!$E:$E,'overview sessions'!K$4)-$C$2 -> 5.35953 | L14: =AVERAGEIFS(rawdata!$K:$K,rawdata!$A:$A,'overview sessions'!$D14,rawdata!$B:$B,'overview sessions'!$B$7,rawdata!$G:$G,'overview sessions'!$H$3,rawdata!$I:$I,'overview sessions'!$J$5,rawdata!$E:$E,'overview sessions'!L$4)-$C$2 -> 4.8503733 | N14: =AVERAGEIFS(rawdata!$K:$K,rawdata!$A:$A,'overview sessions'!$D14,rawdata!$B:$B,'overview sessions'!$B$7,rawdata!$G:$G,'overview sessions'!$P$3)-$C$2 -> 4.7530265 | O14: =AVERAGEIFS(rawdata!$K:$K,rawdata!$A:$A,'overview sessions'!$D14,rawdata!$B:$B,'overview sessions'!$B$7,rawdata!$G:$G,'overview sessions'!$P$3,rawdata!$I:$I,'overview sessions'!$G$5,rawdata!$E:$E,'overview sessions'!O$4)-$C$2 -> 5.9565033 | P14: =AVERAGEIFS(rawdata!$K:$K,rawdata!$A:$A,'overview sessions'!$D14,rawdata!$B:$B,'overview sessions'!$B$7,rawdata!$G:$G,'overview sessions'!$P$3,rawdata!$I:$I,'overview sessions'!$G$5,rawdata!$E:$E,'overview sessions'!P$4)-$C$2 -> 6.7917025 | Q14: =AVERAGEIFS(rawdata!$K:$K,rawdata!$A:$A,'overview sessions'!$D14,rawdata!$B:$B,'overview sessions'!$B$7,rawdata!$G:$G,'overview sessions'!$P$3,rawdata!$I:$I,'overview sessions'!$G$5,rawdata!$E:$E,'overview sessions'!Q$4)-$C$2 -> 1.7038833 | R14: =AVERAGEIFS(rawdata!$K:$K,rawdata!$A:$A,'overview sessions'!$D14,rawdata!$B:$B,'overview sessions'!$B$7,rawdata!$G:$G,'overview sessions'!$P$3,rawdata!$I:$I,'overview sessions'!$J$5,rawdata!$E:$E,'overview sessions'!R$4)-$C$2 -> 4.1403567 | S14: =AVERAGEIFS(rawdata!$K:$K,rawdata!$A:$A,'overview sessions'!$D14,rawdata!$B:$B,'overview sessions'!$B$7,rawdata!$G:$G,'overview sessions'!$P$3,rawdata!$I:$I,'overview sessions'!$J$5,rawdata!$E:$E,'overview sessions'!S$4)-$C$2 -> 5.1745525 | T14: =AVERAGEIFS(rawdata!$K:$K,rawdata!$A:$A,'overview sessions'!$D14,rawdata!$B:$B,'overview sessions'!$B$7,rawdata!$G:$G,'overview sessions'!$P$3,rawdata!$I:$I,'overview sessions'!$J$5,rawdata!$E:$E,'overview sessions'!T$4)-$C$2 -> 3.9310933
A15: C | B15: 1 | C15: C | D15: 109 | E15: =AVERAGEIFS(rawdata!$K:$K,rawdata!$A:$A,'overview sessions'!$D15,rawdata!$B:$B,'overview sessions'!$B$7)-$C$2 -> 5.9578695 | F15: =AVERAGEIFS(rawdata!$K:$K,rawdata!$A:$A,'overview sessions'!$D15,rawdata!$B:$B,'overview sessions'!$B$7,rawdata!$G:$G,'overview sessions'!$H$3)-$C$2 -> 6.263677 | G15: =AVERAGEIFS(rawdata!$K:$K,rawdata!$A:$A,'overview sessions'!$D15,rawdata!$B:$B,'overview sessions'!$B$7,rawdata!$G:$G,'overview sessions'!$H$3,rawdata!$I:$I,'overview sessions'!$G$5,rawdata!$E:$E,'overview sessions'!G$4)-$C$2 -> 8.13139 | H15: =AVERAGEIFS(rawdata!$K:$K,rawdata!$A:$A,'overview sessions'!$D15,rawdata!$B:$B,'overview sessions'!$B$7,rawdata!$G:$G,'overview sessions'!$H$3,rawdata!$I:$I,'overview sessions'!$G$5,rawdata!$E:$E,'overview sessions'!H$4)-$C$2 -> 8.072535 | I15: =AVERAGEIFS(rawdata!$K:$K,rawdata!$A:$A,'overview sessions'!$D15,rawdata!$B:$B,'overview sessions'!$B$7,rawdata!$G:$G,'overview sessions'!$H$3,rawdata!$I:$I,'overview sessions'!$G$5,rawdata!$E:$E,'overview sessions'!I$4)-$C$2 -> 3.73677 | J15: =AVERAGEIFS(rawdata!$K:$K,rawdata!$A:$A,'overview sessions'!$D15,rawdata!$B:$B,'overview sessions'!$B$7,rawdata!$G:$G,'overview sessions'!$H$3,rawdata!$I:$I,'overview sessions'!$J$5,rawdata!$E:$E,'overview sessions'!J$4)-$C$2 -> 5.9639733 | K15: =AVERAGEIFS(rawdata!$K:$K,rawdata!$A:$A,'overview sessions'!$D15,rawdata!$B:$B,'overview sessions'!$B$7,rawdata!$G:$G,'overview sessions'!$H$3,rawdata!$I:$I,'overview sessions'!$J$5,rawdata!$E:$E,'overview sessions'!K$4)-$C$2 -> 6.239575 | L15: =AVERAGEIFS(rawdata!$K:$K,rawdata!$A:$A,'overview sessions'!$D15,rawdata!$B:$B,'overview sessions'!$B$7,rawdata!$G:$G,'overview sessions'!$H$3,rawdata!$I:$I,'overview sessions'!$J$5,rawdata!$E:$E,'overview sessions'!L$4)-$C$2 -> 4.8429 | N15: =AVERAGEIFS(rawdata!$K:$K,rawdata!$A:$A,'overview sessions'!$D15,rawdata!$B:$B,'overview sessions'!$B$7,rawdata!$G:$G,'overview sessions'!$P$3)-$C$2 -> 5.88083 | O15: =AVERAGEIFS(rawdata!$K:$K,rawdata!$A:$A,'overview sessions'!$D15,rawdata!$B:$B,'overview sessions'!$B$7,rawdata!$G:$G,'overview sessions'!$P$3,rawdata!$I:$I,'overview sessions'!$G$5,rawdata!$E:$E,'overview sessions'!O$4)-$C$2 -> 7.5559067 | P15: =AVERAGEIFS(rawdata!$K:$K,rawdata!$A:$A,'overview sessions'!$D15,rawdata!$B:$B,'overview sessions'!$B$7,rawdata!$G:$G,'overview sessions'!$P$3,rawdata!$I:$I,'overview sessions'!$G$5,rawdata!$E:$E,'overview sessions'!P$4)-$C$2 -> 7.761435 | Q15: =AVERAGEIFS(rawdata!$K:$K,rawdata!$A:$A,'overview sessions'!$D15,rawdata!$B:$B,'overview sessions'!$B$7,rawdata!$G:$G,'overview sessions'!$P$3,rawdata!$I:$I,'overview sessions'!$G$5,rawdata!$E:$E,'overview sessions'!Q$4)-$C$2 -> 4.55516 | R15: =AVERAGEIFS(rawdata!$K:$K,rawdata!$A:$A,'overview sessions'!$D15,rawdata!$B:$B,'overview sessions'!$B$7,rawdata!$G:$G,'overview sessions'!$P$3,rawdata!$I:$I,'overview sessions'!$J$5,rawdata!$E:$E,'overview sessions'!R$4)-$C$2 -> 5.5641233 | S15: =AVERAGEIFS(rawdata!$K:$K,rawdata!$A:$A,'overview sessions'!$D15,rawdata!$B:$B,'overview sessions'!$B$7,rawdata!$G:$G,'overview sessions'!$P$3,rawdata!$I:$I,'overview sessions'!$J$5,rawdata!$E:$E,'overview sessions'!S$4)-$C$2 -> 4.55796 | T15: =AVERAGEIFS(rawdata!$K:$K,rawdata!$A:$A,'overview sessions'!$D15,rawdata!$B:$B,'overview sessions'!$B$7,rawdata!$G:$G,'overview sessions'!$P$3,rawdata!$I:$I,'overview sessions'!$J$5,rawdata!$E:$E,'overview sessions'!T$4)-$C$2 -> 5.1044833
A16: C | B16: 1 | C16: C | D16: 110 | E16: =AVERAGEIFS(rawdata!$K:$K,rawdata!$A:$A,'overview sessions'!$D16,rawdata!$B:$B,'overview sessions'!$B$7)-$C$2 -> 4.5387512 | F16: =AVERAGEIFS(rawdata!$K:$K,rawdata!$A:$A,'overview sessions'!$D16,rawdata!$B:$B,'overview sessions'!$B$7,rawdata!$G:$G,'overview sessions'!$H$3)-$C$2 -> 4.550112 | G16: =AVERAGEIFS(rawdata!$K:$K,rawdata!$A:$A,'overview sessions'!$D16,rawdata!$B:$B,'overview sessions'!$B$7,rawdata!$G:$G,'overview sessions'!$H$3,rawdata!$I:$I,'overview sessions'!$G$5,rawdata!$E:$E,'overview sessions'!G$4)-$C$2 -> 5.7061267 | H16: =AVERAGEIFS(rawdata!$K:$K,rawdata!$A:$A,'overview sessions'!$D16,rawdata!$B:$B,'overview sessions'!$B$7,rawdata!$G:$G,'overview sessions'!$H$3,rawdata!$I:$I,'overview sessions'!$G$5,rawdata!$E:$E,'overview sessions'!H$4)-$C$2 -> 5.552915 | I16: =AVERAGEIFS(rawdata!$K:$K,rawdata!$A:$A,'overview sessions'!$D16,rawdata!$B:$B,'overview sessions'!$B$7,rawdata!$G:$G,'overview sessions'!$H$3,rawdata!$I:$I,'overview sessions'!$G$5,rawdata!$E:$E,'overview sessions'!I$4)-$C$2 -> 3.4826633 | J16: =AVERAGEIFS(rawdata!$K:$K,rawdata!$A:$A,'overview sessions'!$D16,rawdata!$B:$B,'overview sessions'!$B$7,rawdata!$G:$G,'overview sessions'!$H$3,rawdata!$I:$I,'overview sessions'!$J$5,rawdata!$E:$E,'overview sessions'!J$4)-$C$2 -> 5.5491767 | K16: =AVERAGEIFS(rawdata!$K:$K,rawdata!$A:$A,'overview sessions'!$D16,rawdata!$B:$B,'overview sessions'!$B$7,rawdata!$G:$G,'overview sessions'!$H$3,rawdata!$I:$I,'overview sessions'!$J$5,rawdata!$E:$E,'overview sessions'!K$4)-$C$2 -> 3.501345 | L16: =AVERAGEIFS(rawdata!$K:$K,rawdata!$A:$A,'overview sessions'!$D16,rawdata!$B:$B,'overview sessions'!$B$7,rawdata!$G:$G,'overview sessions'!$H$3,rawdata!$I:$I,'overview sessions'!$J$5,rawdata!$E:$E,'overview sessions'!L$4)-$C$2 -> 3.5237667 | N16: =AVERAGEIFS(rawdata!$K:$K,rawdata!$A:$A,'overview sessions'!$D16,rawdata!$B:$B,'overview sessions'!$B$7,rawdata!$G:$G,'overview sessions'!$P$3)-$C$2 -> 4.4329605 | O16: =AVERAGEIFS(rawdata!$K:$K,rawdata!$A:$A,'overview sessions'!$D16,rawdata!$B:$B,'overview sessions'!$B$7,rawdata!$G:$G,'overview sessions'!$P$3,rawdata!$I:$I,'overview sessions'!$G$5,rawdata!$E:$E,'overview sessions'!O$4)-$C$2 -> 5.2390133 | P16: =AVERAGEIFS(rawdata!$K:$K,rawdata!$A:$A,'overview sessions'!$D16,rawdata!$B:$B,'overview sessions'!$B$7,rawdata!$G:$G,'overview sessions'!$P$3,rawdata!$I:$I,'overview sessions'!$G$5,rawdata!$E:$E,'overview sessions'!P$4)-$C$2 -> 5.16054 | Q16: =AVERAGEIFS(rawdata!$K:$K,rawdata!$A:$A,'overview sessions'!$D16,rawdata!$B:$B,'overview sessions'!$B$7,rawdata!$G:$G,'overview sessions'!$P$3,rawdata!$I:$I,'overview sessions'!$G$5,rawdata!$E:$E,'overview sessions'!Q$4)-$C$2 -> 3.1799733 | R16: =AVERAGEIFS(rawdata!$K:$K,rawdata!$A:$A,'overview sessions'!$D16,rawdata!$B:$B,'overview sessions'!$B$7,rawdata!$G:$G,'overview sessions'!$P$3,rawdata!$I:$I,'overview sessions'!$J$5,rawdata!$E:$E,'overview sessions'!R$4)-$C$2 -> 4.8503733 | S16: =AVERAGEIFS(rawdata!$K:$K,rawdata!$A:$A,'overview sessions'!$D16,rawdata!$B:$B,'overview sessions'!$B$7,rawdata!$G:$G,'overview sessions'!$P$3,rawdata!$I:$I,'overview sessions'!$J$5,rawdata!$E:$E,'overview sessions'!S$4)-$C$2 -> 3.8684975 | T16: =AVERAGEIFS(rawdata!$K:$K,rawdata!$A:$A,'overview sessions'!$D16,rawdata!$B:$B,'overview sessions'!$B$7,rawdata!$G:$G,'overview sessions'!$P$3,rawdata!$I:$I,'overview sessions'!$J$5,rawdata!$E:$E,'overview sessions'!T$4)-$C$2 -> 4.2449933
A17: B | B17: 1 | C17: B | D17: 111 | E17: =AVERAGEIFS(rawdata!$K:$K,rawdata!$A:$A,'overview sessions'!$D17,rawdata!$B:$B,'overview sessions'!$B$7)-$C$2 -> 6.4005573 | F17: =AVERAGEIFS(rawdata!$K:$K,rawdata!$A:$A,'overview sessions'!$D17,rawdata!$B:$B,'overview sessions'!$B$7,rawdata!$G:$G,'overview sessions'!$H$3)-$C$2 -> 6.492936 | G17: =AVERAGEIFS(rawdata!$K:$K,rawdata!$A:$A,'overview sessions'!$D17,rawdata!$B:$B,'overview sessions'!$B$7,rawdata!$G:$G,'overview sessions'!$H$3,rawdata!$I:$I,'overview sessions'!$G$5,rawdata!$E:$E,'overview sessions'!G$4)-$C$2 -> 8.1426 | H17: =AVERAGEIFS(rawdata!$K:$K,rawdata!$A:$A,'overview sessions'!$D17,rawdata!$B:$B,'overview sessions'!$B$7,rawdata!$G:$G,'overview sessions'!$H$3,rawdata!$I:$I,'overview sessions'!$G$5,rawdata!$E:$E,'overview sessions'!H$4)-$C$2 -> 7.0467475 | I17: =AVERAGEIFS(rawdata!$K:$K,rawdata!$A:$A,'overview sessions'!$D17,rawdata!$B:$B,'overview sessions'!$B$7,rawdata!$G:$G,'overview sessions'!$H$3,rawdata!$I:$I,'overview sessions'!$G$5,rawdata!$E:$E,'overview sessions'!I$4)-$C$2 -> 4.95127 | J17: =AVERAGEIFS(rawdata!$K:$K,rawdata!$A:$A,'overview sessions'!$D17,rawdata!$B:$B,'overview sessions'!$B$7,rawdata!$G:$G,'overview sessions'!$H$3,rawdata!$I:$I,'overview sessions'!$J$5,rawdata!$E:$E,'overview sessions'!J$4)-$C$2 -> 7.5297467 | K17: =AVERAGEIFS(rawdata!$K:$K,rawdata!$A:$A,'overview sessions'!$D17,rawdata!$B:$B,'overview sessions'!$B$7,rawdata!$G:$G,'overview sessions'!$H$3,rawdata!$I:$I,'overview sessions'!$J$5,rawdata!$E:$E,'overview sessions'!K$4)-$C$2 -> 7.2457375 | L17: =AVERAGEIFS(rawdata!$K:$K,rawdata!$A:$A,'overview sessions'!$D17,rawdata!$B:$B,'overview sessions'!$B$7,rawdata!$G:$G,'overview sessions'!$H$3,rawdata!$I:$I,'overview sessions'!$J$5,rawdata!$E:$E,'overview sessions'!L$4)-$C$2 -> 3.6059767 | N17: =AVERAGEIFS(rawdata!$K:$K,rawdata!$A:$A,'overview sessions'!$D17,rawdata!$B:$B,'overview sessions'!$B$7,rawdata!$G:$G,'overview sessions'!$P$3)-$C$2 -> 6.2950675 | O17: =AVERAGEIFS(rawdata!$K:$K,rawdata!$A:$A,'overview sessions'!$D17,rawdata!$B:$B,'overview sessions'!$B$7,rawdata!$G:$G,'overview sessions'!$P$3,rawdata!$I:$I,'overview sessions'!$G$5,rawdata!$E:$E,'overview sessions'!O$4)-$C$2 -> 8.1014933 | P17: =AVERAGEIFS(rawdata!$K:$K,rawdata!$A:$A,'overview sessions'!$D17,rawdata!$B:$B,'overview sessions'!$B$7,rawdata!$G:$G,'overview sessions'!$P$3,rawdata!$I:$I,'overview sessions'!$G$5,rawdata!$E:$E,'overview sessions'!P$4)-$C$2 -> 6.6824 | Q17: =AVERAGEIFS(rawdata!$K:$K,rawdata!$A:$A,'overview sessions'!$D17,rawdata!$B:$B,'overview sessions'!$B$7,rawdata!$G:$G,'overview sessions'!$P$3,rawdata!$I:$I,'overview sessions'!$G$5,rawdata!$E:$E,'overview sessions'!Q$4)-$C$2 -> 4.25994 | R17: =AVERAGEIFS(rawdata!$K:$K,rawdata!$A:$A,'overview sessions'!$D17,rawdata!$B:$B,'overview sessions'!$B$7,rawdata!$G:$G,'overview sessions'!$P$3,rawdata!$I:$I,'overview sessions'!$J$5,rawdata!$E:$E,'overview sessions'!R$4)-$C$2 -> 7.3690567 | S17: =AVERAGEIFS(rawdata!$K:$K,rawdata!$A:$A,'overview sessions'!$D17,rawdata!$B:$B,'overview sessions'!$B$7,rawdata!$G:$G,'overview sessions'!$P$3,rawdata!$I:$I,'overview sessions'!$J$5,rawdata!$E:$E,'overview sessions'!S$4)-$C$2 -> 7.0635675 | T17: =AVERAGEIFS(rawdata!$K:$K,rawdata!$A:$A,'overview sessions'!$D17,rawdata!$B:$B,'overview sessions'!$B$7,rawdata!$G:$G,'overview sessions'!$P$3,rawdata!$I:$I,'overview sessions'!$J$5,rawdata!$E:$E,'overview sessions'!T$4)-$C$2 -> 3.90867
A18: B | B18: 1 | C18: B | D18: 112 | E18: =AVERAGEIFS(rawdata!$K:$K,rawdata!$A:$A,'overview sessions'!$D18,rawdata!$B:$B,'overview sessions'!$B$7)-$C$2 -> 3.1278359 | F18: =AVERAGEIFS(rawdata!$K:$K,rawdata!$A:$A,'overview sessions'!$D18,rawdata!$B:$B,'overview sessions'!$B$7,rawdata!$G:$G,'overview sessions'!$H$3)-$C$2 -> 3.3354265 | G18: =AVERAGEIFS(rawdata!$K:$K,rawdata!$A:$A,'overview sessions'!$D18,rawdata!$B:$B,'overview sessions'!$B$7,rawdata!$G:$G,'overview sessions'!$H$3,rawdata!$I:$I,'overview sessions'!$G$5,rawdata!$E:$E,'overview sessions'!G$4)-$C$2 -> 6.15456 | H18: =AVERAGEIFS(rawdata!$K:$K,rawdata!$A:$A,'overview sessions'!$D18,rawdata!$B:$B,'overview sessions'!$B$7,rawdata!$G:$G,'overview sessions'!$H$3,rawdata!$I:$I,'overview sessions'!$G$5,rawdata!$E:$E,'overview sessions'!H$4)-$C$2 -> 4.479485 | I18: =AVERAGEIFS(rawdata!$K:$K,rawdata!$A:$A,'overview sessions'!$D18,rawdata!$B:$B,'overview sessions'!$B$7,rawdata!$G:$G,'overview sessions'!$H$3,rawdata!$I:$I,'overview sessions'!$G$5,rawdata!$E:$E,'overview sessions'!I$4)-$C$2 -> 1.44604 | J18: =AVERAGEIFS(rawdata!$K:$K,rawdata!$A:$A,'overview sessions'!$D18,rawdata!$B:$B,'overview sessions'!$B$7,rawdata!$G:$G,'overview sessions'!$H$3,rawdata!$I:$I,'overview sessions'!$J$5,rawdata!$E:$E,'overview sessions'!J$4)-$C$2 -> 3.70314 | K18: =AVERAGEIFS(rawdata!$K:$K,rawdata!$A:$A,'overview sessions'!$D18,rawdata!$B:$B,'overview sessions'!$B$7,rawdata!$G:$G,'overview sessions'!$H$3,rawdata!$I:$I,'overview sessions'!$J$5,rawdata!$E:$E,'overview sessions'!K$4)-$C$2 -> 2.584865 | L18: =AVERAGEIFS(rawdata!$K:$K,rawdata!$A:$A,'overview sessions'!$D18,rawdata!$B:$B,'overview sessions'!$B$7,rawdata!$G:$G,'overview sessions'!$H$3,rawdata!$I:$I,'overview sessions'!$J$5,rawdata!$E:$E,'overview sessions'!L$4)-$C$2 -> 1.5133033 | N18: =AVERAGEIFS(rawdata!$K:$K,rawdata!$A:$A,'overview sessions'!$D18,rawdata!$B:$B,'overview sessions'!$B$7,rawdata!$G:$G,'overview sessions'!$P$3)-$C$2 -> 3.022646 | O18: =AVERAGEIFS(rawdata!$K:$K,rawdata!$A:$A,'overview sessions'!$D18,rawdata!$B:$B,'overview sessions'!$B$7,rawdata!$G:$G,'overview sessions'!$P$3,rawdata!$I:$I,'overview sessions'!$G$5,rawdata!$E:$E,'overview sessions'!O$4)-$C$2 -> 5.9789233 | P18: =AVERAGEIFS(rawdata!$K:$K,rawdata!$A:$A,'overview sessions'!$D18,rawdata!$B:$B,'overview sessions'!$B$7,rawdata!$G:$G,'overview sessions'!$P$3,rawdata!$I:$I,'overview sessions'!$G$5,rawdata!$E:$E,'overview sessions'!P$4)-$C$2 -> 4.1795975 | Q18: =AVERAGEIFS(rawdata!$K:$K,rawdata!$A:$A,'overview sessions'!$D18,rawdata!$B:$B,'overview sessions'!$B$7,rawdata!$G:$G,'overview sessions'!$P$3,rawdata!$I:$I,'overview sessions'!$G$5,rawdata!$E:$E,'overview sessions'!Q$4)-$C$2 -> 1.3899833 | R18: =AVERAGEIFS(rawdata!$K:$K,rawdata!$A:$A,'overview sessions'!$D18,rawdata!$B:$B,'overview sessions'!$B$7,rawdata!$G:$G,'overview sessions'!$P$3,rawdata!$I:$I,'overview sessions'!$J$5,rawdata!$E:$E,'overview sessions'!R$4)-$C$2 -> 3.8787733 | S18: =AVERAGEIFS(rawdata!$K:$K,rawdata!$A:$A,'overview sessions'!$D18,rawdata!$B:$B,'overview sessions'!$B$7,rawdata!$G:$G,'overview sessions'!$P$3,rawdata!$I:$I,'overview sessions'!$J$5,rawdata!$E:$E,'overview sessions'!S$4)-$C$2 -> 1.9234325 | T18: =AVERAGEIFS(rawdata!$K:$K,rawdata!$A:$A,'overview sessions'!$D18,rawdata!$B:$B,'overview sessions'!$B$7,rawdata!$G:$G,'overview sessions'!$P$3,rawdata!$I:$I,'overview sessions'!$J$5,rawdata!$E:$E,'overview sessions'!T$4)-$C$2 -> 0.76592
... A22: C | B22: 1 | C22: C | D22: 116 | E22: =AVERAGEIFS(rawdata!$K:$K,rawdata!$A:$A,'overview sessions'!$D22,rawdata!$B:$B,'overview sessions'!$B$7)-$C$2 -> 4.5975395 | F22: =AVERAGEIFS(rawdata!$K:$K,rawdata!$A:$A,'overview sessions'!$D22,rawdata!$B:$B,'overview sessions'!$B$7,rawdata!$G:$G,'overview sessions'!$H$3)-$C$2 -> 4.754148 | G22: =AVERAGEIFS(rawdata!$K:$K,rawdata!$A:$A,'overview sessions'!$D22,rawdata!$B:$B,'overview sessions'!$B$7,rawdata!$G:$G,'overview sessions'!$H$3,rawdata!$I:$I,'overview sessions'!$G$5,rawdata!$E:$E,'overview sessions'!G$4)-$C$2 -> 6.1732433 | H22: =AVERAGEIFS(rawdata!$K:$K,rawdata!$A:$A,'overview sessions'!$D22,rawdata!$B:$B,'overview sessions'!$B$7,rawdata!$G:$G,'overview sessions'!$H$3,rawdata!$I:$I,'overview sessions'!$G$5,rawdata!$E:$E,'overview sessions'!H$4)-$C$2 -> 5.166145 | I22: =AVERAGEIFS(rawdata!$K:$K,rawdata!$A:$A,'overview sessions'!$D22,rawdata!$B:$B,'overview sessions'!$B$7,rawdata!$G:$G,'overview sessions'!$H$3,rawdata!$I:$I,'overview sessions'!$G$5,rawdata!$E:$E,'overview sessions'!I$4)-$C$2 -> 3.4079233 | J22: =AVERAGEIFS(rawdata!$K:$K,rawdata!$A:$A,'overview sessions'!$D22,rawdata!$B:$B,'overview sessions'!$B$7,rawdata!$G:$G,'overview sessions'!$H$3,rawdata!$I:$I,'overview sessions'!$J$5,rawdata!$E:$E,'overview sessions'!J$4)-$C$2 -> 4.92511 | K22: =AVERAGEIFS(rawdata!$K:$K,rawdata!$A:$A,'overview sessions'!$D22,rawdata!$B:$B,'overview sessions'!$B$7,rawdata!$G:$G,'overview sessions'!$H$3,rawdata!$I:$I,'overview sessions'!$J$5,rawdata!$E:$E,'overview sessions'!K$4)-$C$2 -> 5.4716375 | L22: =AVERAGEIFS(rawdata!$K:$K,rawdata!$A:$A,'overview sessions'!$D22,rawdata!$B:$B,'overview sessions'!$B$7,rawdata!$G:$G,'overview sessions'!$H$3,rawdata!$I:$I,'overview sessions'!$J$5,rawdata!$E:$E,'overview sessions'!L$4)-$C$2 -> 3.0043333 | N22: =AVERAGEIFS(rawdata!$K:$K,rawdata!$A:$A,'overview sessions'!$D22,rawdata!$B:$B,'overview sessions'!$B$7,rawdata!$G:$G,'overview sessions'!$P$3)-$C$2 -> 4.5495525 | O22: =AVERAGEIFS(rawdata!$K:$K,rawdata!$A:$A,'overview sessions'!$D22,rawdata!$B:$B,'overview sessions'!$B$7,rawdata!$G:$G,'overview sessions'!$P$3,rawdata!$I:$I,'overview sessions'!$G$5,rawdata!$E:$E,'overview sessions'!O$4)-$C$2 -> 4.99985 | P22: =AVERAGEIFS(rawdata!$K:$K,rawdata!$A:$A,'overview sessions'!$D22,rawdata!$B:$B,'overview sessions'!$B$7,rawdata!$G:$G,'overview sessions'!$P$3,rawdata!$I:$I,'overview sessions'!$G$5,rawdata!$E:$E,'overview sessions'!P$4)-$C$2 -> 4.88027 | Q22: =AVERAGEIFS(rawdata!$K:$K,rawdata!$A:$A,'overview sessions'!$D22,rawdata!$B:$B,'overview sessions'!$B$7,rawdata!$G:$G,'overview sessions'!$P$3,rawdata!$I:$I,'overview sessions'!$G$5,rawdata!$E:$E,'overview sessions'!Q$4)-$C$2 -> 4.6112133 | R22: =AVERAGEIFS(rawdata!$K:$K,rawdata!$A:$A,'overview sessions'!$D22,rawdata!$B:$B,'overview sessions'!$B$7,rawdata!$G:$G,'overview sessions'!$P$3,rawdata!$I:$I,'overview sessions'!$J$5,rawdata!$E:$E,'overview sessions'!R$4)-$C$2 -> 5.3324367 | S22: =AVERAGEIFS(rawdata!$K:$K,rawdata!$A:$A,'overview sessions'!$D22,rawdata!$B:$B,'overview sessions'!$B$7,rawdata!$G:$G,'overview sessions'!$P$3,rawdata!$I:$I,'overview sessions'!$J$5,rawdata!$E:$E,'overview sessions'!S$4)-$C$2 -> 5.29787 | T22: =AVERAGEIFS(rawdata!$K:$K,rawdata!$A:$A,'overview sessions'!$D22,rawdata!$B:$B,'overview sessions'!$B$7,rawdata!$G:$G,'overview sessions'!$P$3,rawdata!$I:$I,'overview sessions'!$J$5,rawdata!$E:$E,'overview sessions'!T$4)-$C$2 -> 1.8159967
A23: B | B23: 1 | D23: 117 | E23: =AVERAGEIFS(rawdata!$K:$K,rawdata!$A:$A,'overview sessions'!$D23,rawdata!$B:$B,'overview sessions'!$B$7)-$C$2 -> 6.565711 | F23: =AVERAGEIFS(rawdata!$K:$K,rawdata!$A:$A,'overview sessions'!$D23,rawdata!$B:$B,'overview sessions'!$B$7,rawdata!$G:$G,'overview sessions'!$H$3)-$C$2 -> 6.7973095 | G23: =AVERAGEIFS(rawdata!$K:$K,rawdata!$A:$A,'overview sessions'!$D23,rawdata!$B:$B,'overview sessions'!$B$7,rawdata!$G:$G,'overview sessions'!$H$3,rawdata!$I:$I,'overview sessions'!$G$5,rawdata!$E:$E,'overview sessions'!G$4)-$C$2 -> 8.3929733 | H23: =AVERAGEIFS(rawdata!$K:$K,rawdata!$A:$A,'overview sessions'!$D23,rawdata!$B:$B,'overview sessions'!$B$7,rawdata!$G:$G,'overview sessions'!$H$3,rawdata!$I:$I,'overview sessions'!$G$5,rawdata!$E:$E,'overview sessions'!H$4)-$C$2 -> 7.228925 | I23: =AVERAGEIFS(rawdata!$K:$K,rawdata!$A:$A,'overview sessions'!$D23,rawdata!$B:$B,'overview sessions'!$B$7,rawdata!$G:$G,'overview sessions'!$H$3,rawdata!$I:$I,'overview sessions'!$G$5,rawdata!$E:$E,'overview sessions'!I$4)-$C$2 -> 5.5865467 | J23: =AVERAGEIFS(rawdata!$K:$K,rawdata!$A:$A,'overview sessions'!$D23,rawdata!$B:$B,'overview sessions'!$B$7,rawdata!$G:$G,'overview sessions'!$H$3,rawdata!$I:$I,'overview sessions'!$J$5,rawdata!$E:$E,'overview sessions'!J$4)-$C$2 -> 7.1859467 | K23: =AVERAGEIFS(rawdata!$K:$K,rawdata!$A:$A,'overview sessions'!$D23,rawdata!$B:$B,'overview sessions'!$B$7,rawdata!$G:$G,'overview sessions'!$H$3,rawdata!$I:$I,'overview sessions'!$J$5,rawdata!$E:$E,'overview sessions'!K$4)-$C$2 -> 6.50303 | L23: =AVERAGEIFS(rawdata!$K:$K,rawdata!$A:$A,'overview sessions'!$D23,rawdata!$B:$B,'overview sessions'!$B$7,rawdata!$G:$G,'overview sessions'!$H$3,rawdata!$I:$I,'overview sessions'!$J$5,rawdata!$E:$E,'overview sessions'!L$4)-$C$2 -> 5.8406567 | N23: =AVERAGEIFS(rawdata!$K:$K,rawdata!$A:$A,'overview sessions'!$D23,rawdata!$B:$B,'overview sessions'!$B$7,rawdata!$G:$G,'overview sessions'!$P$3)-$C$2 -> 6.3954025 | O23: =AVERAGEIFS(rawdata!$K:$K,rawdata!$A:$A,'overview sessions'!$D23,rawdata!$B:$B,'overview sessions'!$B$7,rawdata!$G:$G,'overview sessions'!$P$3,rawdata!$I:$I,'overview sessions'!$G$5,rawdata!$E:$E,'overview sessions'!O$4)-$C$2 -> 7.37653 | P23: =AVERAGEIFS(rawdata!$K:$K,rawdata!$A:$A,'overview sessions'!$D23,rawdata!$B:$B,'overview sessions'!$B$7,rawdata!$G:$G,'overview sessions'!$P$3,rawdata!$I:$I,'overview sessions'!$G$5,rawdata!$E:$E,'overview sessions'!P$4)-$C$2 -> 6.9626675 | Q23: =AVERAGEIFS(rawdata!$K:$K,rawdata!$A:$A,'overview sessions'!$D23,rawdata!$B:$B,'overview sessions'!$B$7,rawdata!$G:$G,'overview sessions'!$P$3,rawdata!$I:$I,'overview sessions'!$G$5,rawdata!$E:$E,'overview sessions'!Q$4)-$C$2 -> 5.03722 | R23: =AVERAGEIFS(rawdata!$K:$K,rawdata!$A:$A,'overview sessions'!$D23,rawdata!$B:$B,'overview sessions'!$B$7,rawdata!$G:$G,'overview sessions'!$P$3,rawdata!$I:$I,'overview sessions'!$J$5,rawdata!$E:$E,'overview sessions'!R$4)-$C$2 -> 7.1784733 | S23: =AVERAGEIFS(rawdata!$K:$K,rawdata!$A:$A,'overview sessions'!$D23,rawdata!$B:$B,'overview sessions'!$B$7,rawdata!$G:$G,'overview sessions'!$P$3,rawdata!$I:$I,'overview sessions'!$J$5,rawdata!$E:$E,'overview sessions'!S$4)-$C$2 -> 6.334865 | T23: =AVERAGEIFS(rawdata!$K:$K,rawdata!$A:$A,'overview sessions'!$D23,rawdata!$B:$B,'overview sessions'!$B$7,rawdata!$G:$G,'overview sessions'!$P$3,rawdata!$I:$I,'overview sessions'!$J$5,rawdata!$E:$E,'overview sessions'!T$4)-$C$2 -> 5.31375
A24: B | B24: 1 | D24: 118 | E24: =AVERAGEIFS(rawdata!$K:$K,rawdata!$A:$A,'overview sessions'!$D24,rawdata!$B:$B,'overview sessions'!$B$7)-$C$2 -> 4.1772722 | F24: =AVERAGEIFS(rawdata!$K:$K,rawdata!$A:$A,'overview sessions'!$D24,rawdata!$B:$B,'overview sessions'!$B$7,rawdata!$G:$G,'overview sessions'!$H$3)-$C$2 -> 4.29787 | G24: =AVERAGEIFS(rawdata!$K:$K,rawdata!$A:$A,'overview sessions'!$D24,rawdata!$B:$B,'overview sessions'!$B$7,rawdata!$G:$G,'overview sessions'!$H$3,rawdata!$I:$I,'overview sessions'!$G$5,rawdata!$E:$E,'overview sessions'!G$4)-$C$2 -> 8.8189833 | H24: =AVERAGEIFS(rawdata!$K:$K,rawdata!$A:$A,'overview sessions'!$D24,rawdata!$B:$B,'overview sessions'!$B$7,rawdata!$G:$G,'overview sessions'!$H$3,rawdata!$I:$I,'overview sessions'!$G$5,rawdata!$E:$E,'overview sessions'!H$4)-$C$2 -> 7.635315 | I24: =AVERAGEIFS(rawdata!$K:$K,rawdata!$A:$A,'overview sessions'!$D24,rawdata!$B:$B,'overview sessions'!$B$7,rawdata!$G:$G,'overview sessions'!$H$3,rawdata!$I:$I,'overview sessions'!$G$5,rawdata!$E:$E,'overview sessions'!I$4)-$C$2 -> 4.5925267 | J24: =AVERAGEIFS(rawdata!$K:$K,rawdata!$A:$A,'overview sessions'!$D24,rawdata!$B:$B,'overview sessions'!$B$7,rawdata!$G:$G,'overview sessions'!$H$3,rawdata!$I:$I,'overview sessions'!$J$5,rawdata!$E:$E,'overview sessions'!J$4)-$C$2 -> 2.5521667 | K24: =AVERAGEIFS(rawdata!$K:$K,rawdata!$A:$A,'overview sessions'!$D24,rawdata!$B:$B,'overview sessions'!$B$7,rawdata!$G:$G,'overview sessions'!$H$3,rawdata!$I:$I,'overview sessions'!$J$5,rawdata!$E:$E,'overview sessions'!K$4)-$C$2 -> 1.28722 | L24: =AVERAGEIFS(rawdata!$K:$K,rawdata!$A:$A,'overview sessions'!$D24,rawdata!$B:$B,'overview sessions'!$B$7,rawdata!$G:$G,'overview sessions'!$H$3,rawdata!$I:$I,'overview sessions'!$J$5,rawdata!$E:$E,'overview sessions'!L$4)-$C$2 -> 0.79207667 | N24: =AVERAGEIFS(rawdata!$K:$K,rawdata!$A:$A,'overview sessions'!$D24,rawdata!$B:$B,'overview sessions'!$B$7,rawdata!$G:$G,'overview sessions'!$P$3)-$C$2 -> 3.893722 | O24: =AVERAGEIFS(rawdata!$K:$K,rawdata!$A:$A,'overview sessions'!$D24,rawdata!$B:$B,'overview sessions'!$B$7,rawdata!$G:$G,'overview sessions'!$P$3,rawdata!$I:$I,'overview sessions'!$G$5,rawdata!$E:$E,'overview sessions'!O$4)-$C$2 -> 7.5521667 | P24: =AVERAGEIFS(rawdata!$K:$K,rawdata!$A:$A,'overview sessions'!$D24,rawdata!$B:$B,'overview sessions'!$B$7,rawdata!$G:$G,'overview sessions'!$P$3,rawdata!$I:$I,'overview sessions'!$G$5,rawdata!$E:$E,'overview sessions'!P$4)-$C$2 -> 7.248545 | Q24: =AVERAGEIFS(rawdata!$K:$K,rawdata!$A:$A,'overview sessions'!$D24,rawdata!$B:$B,'overview sessions'!$B$7,rawdata!$G:$G,'overview sessions'!$P$3,rawdata!$I:$I,'overview sessions'!$G$5,rawdata!$E:$E,'overview sessions'!Q$4)-$C$2 -> 3.4116567 | R24: =AVERAGEIFS(rawdata!$K:$K,rawdata!$A:$A,'overview sessions'!$D24,rawdata!$B:$B,'overview sessions'!$B$7,rawdata!$G:$G,'overview sessions'!$P$3,rawdata!$I:$I,'overview sessions'!$J$5,rawdata!$E:$E,'overview sessions'!R$4)-$C$2 -> 2.4998533 | S24: =AVERAGEIFS(rawdata!$K:$K,rawdata!$A:$A,'overview sessions'!$D24,rawdata!$B:$B,'overview sessions'!$B$7,rawdata!$G:$G,'overview sessions'!$P$3,rawdata!$I:$I,'overview sessions'!$J$5,rawdata!$E:$E,'overview sessions'!S$4)-$C$2 -> 1.9738775 | T24: =AVERAGEIFS(rawdata!$K:$K,rawdata!$A:$A,'overview sessions'!$D24,rawdata!$B:$B,'overview sessions'!$B$7,rawdata!$G:$G,'overview sessions'!$P$3,rawdata!$I:$I,'overview sessions'!$J$5,rawdata!$E:$E,'overview sessions'!T$4)-$C$2 -> 0.19790667
A25: A | B25: 1 | D25: 119 | E25: =AVERAGEIFS(rawdata!$K:$K,rawdata!$A:$A,'overview sessions'!$D25,rawdata!$B:$B,'overview sessions'!$B$7)-$C$2 -> 3.5751724 | F25: =AVERAGEIFS(rawdata!$K:$K,rawdata!$A:$A,'overview sessions'!$D25,rawdata!$B:$B,'overview sessions'!$B$7,rawdata!$G:$G,'overview sessions'!$H$3)-$C$2 -> 3.8578475 | G25: =AVERAGEIFS(rawdata!$K:$K,rawdata!$A:$A,'overview sessions'!$D25,rawdata!$B:$B,'overview sessions'!$B$7,rawdata!$G:$G,'overview sessions'!$H$3,rawdata!$I:$I,'overview sessions'!$G$5,rawdata!$E:$E,'overview sessions'!G$4)-$C$2 -> 7.8249633 | H25: =AVERAGEIFS(rawdata!$K:$K,rawdata!$A:$A,'overview sessions'!$D25,rawdata!$B:$B,'overview sessions'!$B$7,rawdata!$G:$G,'overview sessions'!$H$3,rawdata!$I:$I,'overview sessions'!$G$5,rawdata!$E:$E,'overview sessions'!H$4)-$C$2 -> 4.689685 | I25: =AVERAGEIFS(rawdata!$K:$K,rawdata!$A:$A,'overview sessions'!$D25,rawdata!$B:$B,'overview sessions'!$B$7,rawdata!$G:$G,'overview sessions'!$H$3,rawdata!$I:$I,'overview sessions'!$G$5,rawdata!$E:$E,'overview sessions'!I$4)-$C$2 -> 0.71360333 | J25: =AVERAGEIFS(rawdata!$K:$K,rawdata!$A:$A,'overview sessions'!$D25,rawdata!$B:$B,'overview sessions'!$B$7,rawdata!$G:$G,'overview sessions'!$H$3,rawdata!$I:$I,'overview sessions'!$J$5,rawdata!$E:$E,'overview sessions'!J$4)-$C$2 -> 5.5566533 | K25: =AVERAGEIFS(rawdata!$K:$K,rawdata!$A:$A,'overview sessions'!$D25,rawdata!$B:$B,'overview sessions'!$B$7,rawdata!$G:$G,'overview sessions'!$H$3,rawdata!$I:$I,'overview sessions'!$J$5,rawdata!$E:$E,'overview sessions'!K$4)-$C$2 -> 2.753025 | L25: =AVERAGEIFS(rawdata!$K:$K,rawdata!$A:$A,'overview sessions'!$D25,rawdata!$B:$B,'overview sessions'!$B$7,rawdata!$G:$G,'overview sessions'!$H$3,rawdata!$I:$I,'overview sessions'!$J$5,rawdata!$E:$E,'overview sessions'!L$4)-$C$2 -> 1.70015 | N25: =AVERAGEIFS(rawdata!$K:$K,rawdata!$A:$A,'overview sessions'!$D25,rawdata!$B:$B,'overview sessions'!$B$7,rawdata!$G:$G,'overview sessions'!$P$3)-$C$2 -> 3.4273545 | O25: =AVERAGEIFS(rawdata!$K:$K,rawdata!$A:$A,'overview sessions'!$D25,rawdata!$B:$B,'overview sessions'!$B$7,rawdata!$G:$G,'overview sessions'!$P$3,rawdata!$I:$I,'overview sessions'!$G$5,rawdata!$E:$E,'overview sessions'!O$4)-$C$2 -> 6.14335 | P25: =AVERAGEIFS(rawdata!$K:$K,rawdata!$A:$A,'overview sessions'!$D25,rawdata!$B:$B,'overview sessions'!$B$7,rawdata!$G:$G,'overview sessions'!$P$3,rawdata!$I:$I,'overview sessions'!$G$5,rawdata!$E:$E,'overview sessions'!P$4)-$C$2 -> 3.708745 | Q25: =AVERAGEIFS(rawdata!$K:$K,rawdata!$A:$A,'overview sessions'!$D25,rawdata!$B:$B,'overview sessions'!$B$7,rawdata!$G:$G,'overview sessions'!$P$3,rawdata!$I:$I,'overview sessions'!$G$5,rawdata!$E:$E,'overview sessions'!Q$4)-$C$2 -> 0.95276667 | R25: =AVERAGEIFS(rawdata!$K:$K,rawdata!$A:$A,'overview sessions'!$D25,rawdata!$B:$B,'overview sessions'!$B$7,rawdata!$G:$G,'overview sessions'!$P$3,rawdata!$I:$I,'overview sessions'!$J$5,rawdata!$E:$E,'overview sessions'!R$4)-$C$2 -> 5.4408067 | S25: =AVERAGEIFS(rawdata!$K:$K,rawdata!$A:$A,'overview sessions'!$D25,rawdata!$B:$B,'overview sessions'!$B$7,rawdata!$G:$G,'overview sessions'!$P$3,rawdata!$I:$I,'overview sessions'!$J$5,rawdata!$E:$E,'overview sessions'!S$4)-$C$2 -> 3.0417025 | T25: =AVERAGEIFS(rawdata!$K:$K,rawdata!$A:$A,'overview sessions'!$D25,rawdata!$B:$B,'overview sessions'!$B$7,rawdata!$G:$G,'overview sessions'!$P$3,rawdata!$I:$I,'overview sessions'!$J$5,rawdata!$E:$E,'overview sessions'!T$4)-$C$2 -> 1.31151
A26: A | B26: 1 | D26: 120 | E26: =AVERAGEIFS(rawdata!$K:$K,rawdata!$A:$A,'overview sessions'!$D26,rawdata!$B:$B,'overview sessions'!$B$7)-$C$2 -> 3.8950888 | F26: =AVERAGEIFS(rawdata!$K:$K,rawdata!$A:$A,'overview sessions'!$D26,rawdata!$B:$B,'overview sessions'!$B$7,rawdata!$G:$G,'overview sessions'!$H$3)-$C$2 -> 4.081502 | G26: =AVERAGEIFS(rawdata!$K:$K,rawdata!$A:$A,'overview sessions'!$D26,rawdata!$B:$B,'overview sessions'!$B$7,rawdata!$G:$G,'overview sessions'!$H$3,rawdata!$I:$I,'overview sessions'!$G$5,rawdata!$E:$E,'overview sessions'!G$4)-$C$2 -> 6.0985033 | H26: =AVERAGEIFS(rawdata!$K:$K,rawdata!$A:$A,'overview sessions'!$D26,rawdata!$B:$B,'overview sessions'!$B$7,rawdata!$G:$G,'overview sessions'!$H$3,rawdata!$I:$I,'overview sessions'!$G$5,rawdata!$E:$E,'overview sessions'!H$4)-$C$2 -> 5.415585 | I26: =AVERAGEIFS(rawdata!$K:$K,rawdata!$A:$A,'overview sessions'!$D26,rawdata!$B:$B,'overview sessions'!$B$7,rawdata!$G:$G,'overview sessions'!$H$3,rawdata!$I:$I,'overview sessions'!$G$5,rawdata!$E:$E,'overview sessions'!I$4)-$C$2 -> 1.66278 | J26: =AVERAGEIFS(rawdata!$K:$K,rawdata!$A:$A,'overview sessions'!$D26,rawdata!$B:$B,'overview sessions'!$B$7,rawdata!$G:$G,'overview sessions'!$H$3,rawdata!$I:$I,'overview sessions'!$J$5,rawdata!$E:$E,'overview sessions'!J$4)-$C$2 -> 4.97743 | K26: =AVERAGEIFS(rawdata!$K:$K,rawdata!$A:$A,'overview sessions'!$D26,rawdata!$B:$B,'overview sessions'!$B$7,rawdata!$G:$G,'overview sessions'!$H$3,rawdata!$I:$I,'overview sessions'!$J$5,rawdata!$E:$E,'overview sessions'!K$4)-$C$2 -> 3.450895 | L26: =AVERAGEIFS(rawdata!$K:$K,rawdata!$A:$A,'overview sessions'!$D26,rawdata!$B:$B,'overview sessions'!$B$7,rawdata!$G:$G,'overview sessions'!$H$3,rawdata!$I:$I,'overview sessions'!$J$5,rawdata!$E:$E,'overview sessions'!L$4)-$C$2 -> 2.6493267 | N26: =AVERAGEIFS(rawdata!$K:$K,rawdata!$A:$A,'overview sessions'!$D26,rawdata!$B:$B,'overview sessions'!$B$7,rawdata!$G:$G,'overview sessions'!$P$3)-$C$2 -> 3.8741025 | O26: =AVERAGEIFS(rawdata!$K:$K,rawdata!$A:$A,'overview sessions'!$D26,rawdata!$B:$B,'overview sessions'!$B$7,rawdata!$G:$G,'overview sessions'!$P$3,rawdata!$I:$I,'overview sessions'!$G$5,rawdata!$E:$E,'overview sessions'!O$4)-$C$2 -> 5.53423 | P26: =AVERAGEIFS(rawdata!$K:$K,rawdata!$A:$A,'overview sessions'!$D26,rawdata!$B:$B,'overview sessions'!$B$7,rawdata!$G:$G,'overview sessions'!$P$3,rawdata!$I:$I,'overview sessions'!$G$5,rawdata!$E:$E,'overview sessions'!P$4)-$C$2 -> 4.5887875 | Q26: =AVERAGEIFS(rawdata!$K:$K,rawdata!$A:$A,'overview sessions'!$D26,rawdata!$B:$B,'overview sessions'!$B$7,rawdata!$G:$G,'overview sessions'!$P$3,rawdata!$I:$I,'overview sessions'!$G$5,rawdata!$E:$E,'overview sessions'!Q$4)-$C$2 -> 1.8384133 | R26: =AVERAGEIFS(rawdata!$K:$K,rawdata!$A:$A,'overview sessions'!$D26,rawdata!$B:$B,'overview sessions'!$B$7,rawdata!$G:$G,'overview sessions'!$P$3,rawdata!$I:$I,'overview sessions'!$J$5,rawdata!$E:$E,'overview sessions'!R$4)-$C$2 -> 4.7121067 | S26: =AVERAGEIFS(rawdata!$K:$K,rawdata!$A:$A,'overview sessions'!$D26,rawdata!$B:$B,'overview sessions'!$B$7,rawdata!$G:$G,'overview sessions'!$P$3,rawdata!$I:$I,'overview sessions'!$J$5,rawdata!$E:$E,'overview sessions'!S$4)-$C$2 -> 3.708745 | T26: =AVERAGEIFS(rawdata!$K:$K,rawdata!$A:$A,'overview sessions'!$D26,rawdata!$B:$B,'overview sessions'!$B$7,rawdata!$G:$G,'overview sessions'!$P$3,rawdata!$I:$I,'overview sessions'!$J$5,rawdata!$E:$E,'overview sessions'!T$4)-$C$2 -> 2.6792233
A27: C | B27: 1 | D27: 121 | E27: =AVERAGEIFS(rawdata!$K:$K,rawdata!$A:$A,'overview sessions'!$D27,rawdata!$B:$B,'overview sessions'!$B$7)-$C$2 -> 3.7961063 | F27: =AVERAGEIFS(rawdata!$K:$K,rawdata!$A:$A,'overview sessions'!$D27,rawdata!$B:$B,'overview sessions'!$B$7,rawdata!$G:$G,'overview sessions'!$H$3)-$C$2 -> 4.009753 | G27: =AVERAGEIFS(rawdata!$K:$K,rawdata!$A:$A,'overview sessions'!$D27,rawdata!$B:$B,'overview sessions'!$B$7,rawdata!$G:$G,'overview sessions'!$H$3,rawdata!$I:$I,'overview sessions'!$G$5,rawdata!$E:$E,'overview sessions'!G$4)-$C$2 -> 6.3526167 | H27: =AVERAGEIFS(rawdata!$K:$K,rawdata!$A:$A,'overview sessions'!$D27,rawdata!$B:$B,'overview sessions'!$B$7,rawdata!$G:$G,'overview sessions'!$H$3,rawdata!$I:$I,'overview sessions'!$G$5,rawdata!$E:$E,'overview sessions'!H$4)-$C$2 -> 4.6224225 | I27: =AVERAGEIFS(rawdata!$K:$K,rawdata!$A:$A,'overview sessions'!$D27,rawdata!$B:$B,'overview sessions'!$B$7,rawdata!$G:$G,'overview sessions'!$H$3,rawdata!$I:$I,'overview sessions'!$G$5,rawdata!$E:$E,'overview sessions'!I$4)-$C$2 -> 1.18819 | J27: =AVERAGEIFS(rawdata!$K:$K,rawdata!$A:$A,'overview sessions'!$D27,rawdata!$B:$B,'overview sessions'!$B$7,rawdata!$G:$G,'overview sessions'!$H$3,rawdata!$I:$I,'overview sessions'!$J$5,rawdata!$E:$E,'overview sessions'!J$4)-$C$2 -> 4.7718967 | K27: =AVERAGEIFS(rawdata!$K:$K,rawdata!$A:$A,'overview sessions'!$D27,rawdata!$B:$B,'overview sessions'!$B$7,rawdata!$G:$G,'overview sessions'!$H$3,rawdata!$I:$I,'overview sessions'!$J$5,rawdata!$E:$E,'overview sessions'!K$4)-$C$2 -> 5.084865 | L27: =AVERAGEIFS(rawdata!$K:$K,rawdata!$A:$A,'overview sessions'!$D27,rawdata!$B:$B,'overview sessions'!$B$7,rawdata!$G:$G,'overview sessions'!$H$3,rawdata!$I:$I,'overview sessions'!$J$5,rawdata!$E:$E,'overview sessions'!L$4)-$C$2 -> 1.4759333 | N27: =AVERAGEIFS(rawdata!$K:$K,rawdata!$A:$A,'overview sessions'!$D27,rawdata!$B:$B,'overview sessions'!$B$7,rawdata!$G:$G,'overview sessions'!$P$3)-$C$2 -> 3.6812785 | O27: =AVERAGEIFS(rawdata!$K:$K,rawdata!$A:$A,'overview sessions'!$D27,rawdata!$B:$B,'overview sessions'!$B$7,rawdata!$G:$G,'overview sessions'!$P$3,rawdata!$I:$I,'overview sessions'!$G$5,rawdata!$E:$E,'overview sessions'!O$4)-$C$2 -> 5.96024 | P27: =AVERAGEIFS(rawdata!$K:$K,rawdata!$A:$A,'overview sessions'!$D27,rawdata!$B:$B,'overview sessions'!$B$7,rawdata!$G:$G,'overview sessions'!$P$3,rawdata!$I:$I,'overview sessions'!$G$5,rawdata!$E:$E,'overview sessions'!P$4)-$C$2 -> 4.3757875 | Q27: =AVERAGEIFS(rawdata!$K:$K,rawdata!$A:$A,'overview sessions'!$D27,rawdata!$B:$B,'overview sessions'!$B$7,rawdata!$G:$G,'overview sessions'!$P$3,rawdata!$I:$I,'overview sessions'!$G$5,rawdata!$E:$E,'overview sessions'!Q$4)-$C$2 -> 0.58281 | R27: =AVERAGEIFS(rawdata!$K:$K,rawdata!$A:$A,'overview sessions'!$D27,rawdata!$B:$B,'overview sessions'!$B$7,rawdata!$G:$G,'overview sessions'!$P$3,rawdata!$I:$I,'overview sessions'!$J$5,rawdata!$E:$E,'overview sessions'!R$4)-$C$2 -> 4.7532133 | S27: =AVERAGEIFS(rawdata!$K:$K,rawdata!$A:$A,'overview sessions'!$D27,rawdata!$B:$B,'overview sessions'!$B$7,rawdata!$G:$G,'overview sessions'!$P$3,rawdata!$I:$I,'overview sessions'!$J$5,rawdata!$E:$E,'overview sessions'!S$4)-$C$2 -> 4.47388 | T27: =AVERAGEIFS(rawdata!$K:$K,rawdata!$A:$A,'overview sessions'!$D27,rawdata!$B:$B,'overview sessions'!$B$7,rawdata!$G:$G,'overview sessions'!$P$3,rawdata!$I:$I,'overview sessions'!$J$5,rawdata!$E:$E,'overview sessions'!T$4)-$C$2 -> 1.4460367
A28: C | B28: 1 | D28: 122 | E28: =AVERAGEIFS(rawdata!$K:$K,rawdata!$A:$A,'overview sessions'!$D28,rawdata!$B:$B,'overview sessions'!$B$7)-$C$2 -> 4.5518759 | F28: =AVERAGEIFS(rawdata!$K:$K,rawdata!$A:$A,'overview sessions'!$D28,rawdata!$B:$B,'overview sessions'!$B$7,rawdata!$G:$G,'overview sessions'!$H$3)-$C$2 -> 4.4200675 | G28: =AVERAGEIFS(rawdata!$K:$K,rawdata!$A:$A,'overview sessions'!$D28,rawdata!$B:$B,'overview sessions'!$B$7,rawdata!$G:$G,'overview sessions'!$H$3,rawdata!$I:$I,'overview sessions'!$G$5,rawdata!$E:$E,'overview sessions'!G$4)-$C$2 -> 6.2517167 | H28: =AVERAGEIFS(rawdata!$K:$K,rawdata!$A:$A,'overview sessions'!$D28,rawdata!$B:$B,'overview sessions'!$B$7,rawdata!$G:$G,'overview sessions'!$H$3,rawdata!$I:$I,'overview sessions'!$G$5,rawdata!$E:$E,'overview sessions'!H$4)-$C$2 -> 5.415585 | I28: =AVERAGEIFS(rawdata!$K:$K,rawdata!$A:$A,'overview sessions'!$D28,rawdata!$B:$B,'overview sessions'!$B$7,rawdata!$G:$G,'overview sessions'!$H$3,rawdata!$I:$I,'overview sessions'!$G$5,rawdata!$E:$E,'overview sessions'!I$4)-$C$2 -> 1.98416 | J28: =AVERAGEIFS(rawdata!$K:$K,rawdata!$A:$A,'overview sessions'!$D28,rawdata!$B:$B,'overview sessions'!$B$7,rawdata!$G:$G,'overview sessions'!$H$3,rawdata!$I:$I,'overview sessions'!$J$5,rawdata!$E:$E,'overview sessions'!J$4)-$C$2 -> 5.6127067 | K28: =AVERAGEIFS(rawdata!$K:$K,rawdata!$A:$A,'overview sessions'!$D28,rawdata!$B:$B,'overview sessions'!$B$7,rawdata!$G:$G,'overview sessions'!$H$3,rawdata!$I:$I,'overview sessions'!$J$5,rawdata!$E:$E,'overview sessions'!K$4)-$C$2 -> 4.647645 | L28: =AVERAGEIFS(rawdata!$K:$K,rawdata!$A:$A,'overview sessions'!$D28,rawdata!$B:$B,'overview sessions'!$B$7,rawdata!$G:$G,'overview sessions'!$H$3,rawdata!$I:$I,'overview sessions'!$J$5,rawdata!$E:$E,'overview sessions'!L$4)-$C$2 -> 2.2008933 | N28: =AVERAGEIFS(rawdata!$K:$K,rawdata!$A:$A,'overview sessions'!$D28,rawdata!$B:$B,'overview sessions'!$B$7,rawdata!$G:$G,'overview sessions'!$P$3)-$C$2 -> 4.61065 | O28: =AVERAGEIFS(rawdata!$K:$K,rawdata!$A:$A,'overview sessions'!$D28,rawdata!$B:$B,'overview sessions'!$B$7,rawdata!$G:$G,'overview sessions'!$P$3,rawdata!$I:$I,'overview sessions'!$G$5,rawdata!$E:$E,'overview sessions'!O$4)-$C$2 -> 6.03498 | P28: =AVERAGEIFS(rawdata!$K:$K,rawdata!$A:$A,'overview sessions'!$D28,rawdata!$B:$B,'overview sessions'!$B$7,rawdata!$G:$G,'overview sessions'!$P$3,rawdata!$I:$I,'overview sessions'!$G$5,rawdata!$E:$E,'overview sessions'!P$4)-$C$2 -> 5.5052675 | Q28: =AVERAGEIFS(rawdata!$K:$K,rawdata!$A:$A,'overview sessions'!$D28,rawdata!$B:$B,'overview sessions'!$B$7,rawdata!$G:$G,'overview sessions'!$P$3,rawdata!$I:$I,'overview sessions'!$G$5,rawdata!$E:$E,'overview sessions'!Q$4)-$C$2 -> 2.0588967 | R28: =AVERAGEIFS(rawdata!$K:$K,rawdata!$A:$A,'overview sessions'!$D28,rawdata!$B:$B,'overview sessions'!$B$7,rawdata!$G:$G,'overview sessions'!$P$3,rawdata!$I:$I,'overview sessions'!$J$5,rawdata!$E:$E,'overview sessions'!R$4)-$C$2 -> 6.0835533 | S28: =AVERAGEIFS(rawdata!$K:$K,rawdata!$A:$A,'overview sessions'!$D28,rawdata!$B:$B,'overview sessions'!$B$7,rawdata!$G:$G,'overview sessions'!$P$3,rawdata!$I:$I,'overview sessions'!$J$5,rawdata!$E:$E,'overview sessions'!S$4)-$C$2 -> 4.950335 | T28: =AVERAGEIFS(rawdata!$K:$K,rawdata!$A:$A,'overview sessions'!$D28,rawdata!$B:$B,'overview sessions'!$B$7,rawdata!$G:$G,'overview sessions'!$P$3,rawdata!$I:$I,'overview sessions'!$J$5,rawdata!$E:$E,'overview sessions'!T$4)-$C$2 -> 2.6194333
A29: B | B29: 1 | D29: 123
A30: B | B30: 1 | D30: 124 | E30: =AVERAGEIFS(rawdata!$K:$K,rawdata!$A:$A,'overview sessions'!$D30,rawdata!$B:$B,'overview sessions'!$B$7)-$C$2 -> 7.553899 | F30: =AVERAGEIFS(rawdata!$K:$K,rawdata!$A:$A,'overview sessions'!$D30,rawdata!$B:$B,'overview sessions'!$B$7,rawdata!$G:$G,'overview sessions'!$H$3)-$C$2 -> 7.156614 | G30: =AVERAGEIFS(rawdata!$K:$K,rawdata!$A:$A,'overview sessions'!$D30,rawdata!$B:$B,'overview sessions'!$B$7,rawdata!$G:$G,'overview sessions'!$H$3,rawdata!$I:$I,'overview sessions'!$G$5,rawdata!$E:$E,'overview sessions'!G$4)-$C$2 -> 8.5499233 | H30: =AVERAGEIFS(rawdata!$K:$K,rawdata!$A:$A,'overview sessions'!$D30,rawdata!$B:$B,'overview sessions'!$B$7,rawdata!$G:$G,'overview sessions'!$H$3,rawdata!$I:$I,'overview sessions'!$G$5,rawdata!$E:$E,'overview sessions'!H$4)-$C$2 -> 8.2434975 | I30: =AVERAGEIFS(rawdata!$K:$K,rawdata!$A:$A,'overview sessions'!$D30,rawdata!$B:$B,'overview sessions'!$B$7,rawdata!$G:$G,'overview sessions'!$H$3,rawdata!$I:$I,'overview sessions'!$G$5,rawdata!$E:$E,'overview sessions'!I$4)-$C$2 -> 5.1306433 | J30: =AVERAGEIFS(rawdata!$K:$K,rawdata!$A:$A,'overview sessions'!$D30,rawdata!$B:$B,'overview sessions'!$B$7,rawdata!$G:$G,'overview sessions'!$H$3,rawdata!$I:$I,'overview sessions'!$J$5,rawdata!$E:$E,'overview sessions'!J$4)-$C$2 -> 7.8847533 | K30: =AVERAGEIFS(rawdata!$K:$K,rawdata!$A:$A,'overview sessions'!$D30,rawdata!$B:$B,'overview sessions'!$B$7,rawdata!$G:$G,'overview sessions'!$H$3,rawdata!$I:$I,'overview sessions'!$J$5,rawdata!$E:$E,'overview sessions'!K$4)-$C$2 -> 6.9766825 | L30: =AVERAGEIFS(rawdata!$K:$K,rawdata!$A:$A,'overview sessions'!$D30,rawdata!$B:$B,'overview sessions'!$B$7,rawdata!$G:$G,'overview sessions'!$H$3,rawdata!$I:$I,'overview sessions'!$J$5,rawdata!$E:$E,'overview sessions'!L$4)-$C$2 -> 5.8518667 | N30: =AVERAGEIFS(rawdata!$K:$K,rawdata!$A:$A,'overview sessions'!$D30,rawdata!$B:$B,'overview sessions'!$B$7,rawdata!$G:$G,'overview sessions'!$P$3)-$C$2 -> 8.105045 | O30: =AVERAGEIFS(rawdata!$K:$K,rawdata!$A:$A,'overview sessions'!$D30,rawdata!$B:$B,'overview sessions'!$B$7,rawdata!$G:$G,'overview sessions'!$P$3,rawdata!$I:$I,'overview sessions'!$G$5,rawdata!$E:$E,'overview sessions'!O$4)-$C$2 -> 10.298803 | P30: =AVERAGEIFS(rawdata!$K:$K,rawdata!$A:$A,'overview sessions'!$D30,rawdata!$B:$B,'overview sessions'!$B$7,rawdata!$G:$G,'overview sessions'!$P$3,rawdata!$I:$I,'overview sessions'!$G$5,rawdata!$E:$E,'overview sessions'!P$4)-$C$2 -> 8.90213 | Q30: =AVERAGEIFS(rawdata!$K:$K,rawdata!$A:$A,'overview sessions'!$D30,rawdata!$B:$B,'overview sessions'!$B$7,rawdata!$G:$G,'overview sessions'!$P$3,rawdata!$I:$I,'overview sessions'!$G$5,rawdata!$E:$E,'overview sessions'!Q$4)-$C$2 -> 5.7285533 | R30: =AVERAGEIFS(rawdata!$K:$K,rawdata!$A:$A,'overview sessions'!$D30,rawdata!$B:$B,'overview sessions'!$B$7,rawdata!$G:$G,'overview sessions'!$P$3,rawdata!$I:$I,'overview sessions'!$J$5,rawdata!$E:$E,'overview sessions'!R$4)-$C$2 -> 7.6493267 | S30: =AVERAGEIFS(rawdata!$K:$K,rawdata!$A:$A,'overview sessions'!$D30,rawdata!$B:$B,'overview sessions'!$B$7,rawdata!$G:$G,'overview sessions'!$P$3,rawdata!$I:$I,'overview sessions'!$J$5,rawdata!$E:$E,'overview sessions'!S$4)-$C$2 -> 8.834865 | T30: =AVERAGEIFS(rawdata!$K:$K,rawdata!$A:$A,'overview sessions'!$D30,rawdata!$B:$B,'overview sessions'!$B$7,rawdata!$G:$G,'overview sessions'!$P$3,rawdata!$I:$I,'overview sessions'!$J$5,rawdata!$E:$E,'overview sessions'!T$4)-$C$2 -> 6.7076233
A31: A | B31: 1 | D31: 125 | E31: =AVERAGEIFS(rawdata!$K:$K,rawdata!$A:$A,'overview sessions'!$D31,rawdata!$B:$B,'overview sessions'!$B$7)-$C$2 -> 7.2304276 | F31: =AVERAGEIFS(rawdata!$K:$K,rawdata!$A:$A,'overview sessions'!$D31,rawdata!$B:$B,'overview sessions'!$B$7,rawdata!$G:$G,'overview sessions'!$H$3)-$C$2 -> 7.208184 | G31: =AVERAGEIFS(rawdata!$K:$K,rawdata!$A:$A,'overview sessions'!$D31,rawdata!$B:$B,'overview sessions'!$B$7,rawdata!$G:$G,'overview sessions'!$H$3,rawdata!$I:$I,'overview sessions'!$G$5,rawdata!$E:$E,'overview sessions'!G$4)-$C$2 -> 8.0902833 | H31: =AVERAGEIFS(rawdata!$K:$K,rawdata!$A:$A,'overview sessions'!$D31,rawdata!$B:$B,'overview sessions'!$B$7,rawdata!$G:$G,'overview sessions'!$H$3,rawdata!$I:$I,'overview sessions'!$G$5,rawdata!$E:$E,'overview sessions'!H$4)-$C$2 -> 8.0557175 | I31: =AVERAGEIFS(rawdata!$K:$K,rawdata!$A:$A,'overview sessions'!$D31,rawdata!$B:$B,'overview sessions'!$B$7,rawdata!$G:$G,'overview sessions'!$H$3,rawdata!$I:$I,'overview sessions'!$G$5,rawdata!$E:$E,'overview sessions'!I$4)-$C$2 -> 6.5245133 | J31: =AVERAGEIFS(rawdata!$K:$K,rawdata!$A:$A,'overview sessions'!$D31,rawdata!$B:$B,'overview sessions'!$B$7,rawdata!$G:$G,'overview sessions'!$H$3,rawdata!$I:$I,'overview sessions'!$J$5,rawdata!$E:$E,'overview sessions'!J$4)-$C$2 -> 7.4736933 | K31: =AVERAGEIFS(rawdata!$K:$K,rawdata!$A:$A,'overview sessions'!$D31,rawdata!$B:$B,'overview sessions'!$B$7,rawdata!$G:$G,'overview sessions'!$H$3,rawdata!$I:$I,'overview sessions'!$J$5,rawdata!$E:$E,'overview sessions'!K$4)-$C$2 -> 7.0243275 | L31: =AVERAGEIFS(rawdata!$K:$K,rawdata!$A:$A,'overview sessions'!$D31,rawdata!$B:$B,'overview sessions'!$B$7,rawdata!$G:$G,'overview sessions'!$H$3,rawdata!$I:$I,'overview sessions'!$J$5,rawdata!$E:$E,'overview sessions'!L$4)-$C$2 -> 5.8593433 | N31: =AVERAGEIFS(rawdata!$K:$K,rawdata!$A:$A,'overview sessions'!$D31,rawdata!$B:$B,'overview sessions'!$B$7,rawdata!$G:$G,'overview sessions'!$P$3)-$C$2 -> 7.247982 | O31: =AVERAGEIFS(rawdata!$K:$K,rawdata!$A:$A,'overview sessions'!$D31,rawdata!$B:$B,'overview sessions'!$B$7,rawdata!$G:$G,'overview sessions'!$P$3,rawdata!$I:$I,'overview sessions'!$G$5,rawdata!$E:$E,'overview sessions'!O$4)-$C$2 -> 8.17997 | P31: =AVERAGEIFS(rawdata!$K:$K,rawdata!$A:$A,'overview sessions'!$D31,rawdata!$B:$B,'overview sessions'!$B$7,rawdata!$G:$G,'overview sessions'!$P$3,rawdata!$I:$I,'overview sessions'!$G$5,rawdata!$E:$E,'overview sessions'!P$4)-$C$2 -> 8.22668 | Q31: =AVERAGEIFS(rawdata!$K:$K,rawdata!$A:$A,'overview sessions'!$D31,rawdata!$B:$B,'overview sessions'!$B$7,rawdata!$G:$G,'overview sessions'!$P$3,rawdata!$I:$I,'overview sessions'!$G$5,rawdata!$E:$E,'overview sessions'!Q$4)-$C$2 -> 6.8458867 | R31: =AVERAGEIFS(rawdata!$K:$K,rawdata!$A:$A,'overview sessions'!$D31,rawdata!$B:$B,'overview sessions'!$B$7,rawdata!$G:$G,'overview sessions'!$P$3,rawdata!$I:$I,'overview sessions'!$J$5,rawdata!$E:$E,'overview sessions'!R$4)-$C$2 -> 7.05142 | S31: =AVERAGEIFS(rawdata!$K:$K,rawdata!$A:$A,'overview sessions'!$D31,rawdata!$B:$B,'overview sessions'!$B$7,rawdata!$G:$G,'overview sessions'!$P$3,rawdata!$I:$I,'overview sessions'!$J$5,rawdata!$E:$E,'overview sessions'!S$4)-$C$2 -> 6.8617725 | T31: =AVERAGEIFS(rawdata!$K:$K,rawdata!$A:$A,'overview sessions'!$D31,rawdata!$B:$B,'overview sessions'!$B$7,rawdata!$G:$G,'overview sessions'!$P$3,rawdata!$I:$I,'overview sessions'!$J$5,rawdata!$E:$E,'overview sessions'!T$4)-$C$2 -> 6.1246667
A32: A | B32: 1 | D32: 126 | E32: =AVERAGEIFS(rawdata!$K:$K,rawdata!$A:$A,'overview sessions'!$D32,rawdata!$B:$B,'overview sessions'!$B$7)-$C$2 -> 6.0779063 | F32: =AVERAGEIFS(rawdata!$K:$K,rawdata!$A:$A,'overview sessions'!$D32,rawdata!$B:$B,'overview sessions'!$B$7,rawdata!$G:$G,'overview sessions'!$H$3)-$C$2 -> 6.176793 | G32: =AVERAGEIFS(rawdata!$K:$K,rawdata!$A:$A,'overview sessions'!$D32,rawdata!$B:$B,'overview sessions'!$B$7,rawdata!$G:$G,'overview sessions'!$H$3,rawdata!$I:$I,'overview sessions'!$G$5,rawdata!$E:$E,'overview sessions'!G$4)-$C$2 -> 7.31674 | H32: =AVERAGEIFS(rawdata!$K:$K,rawdata!$A:$A,'overview sessions'!$D32,rawdata!$B:$B,'overview sessions'!$B$7,rawdata!$G:$G,'overview sessions'!$H$3,rawdata!$I:$I,'overview sessions'!$G$5,rawdata!$E:$E,'overview sessions'!H$4)-$C$2 -> 6.469395 | I32: =AVERAGEIFS(rawdata!$K:$K,rawdata!$A:$A,'overview sessions'!$D32,rawdata!$B:$B,'overview sessions'!$B$7,rawdata!$G:$G,'overview sessions'!$H$3,rawdata!$I:$I,'overview sessions'!$G$5,rawdata!$E:$E,'overview sessions'!I$4)-$C$2 -> 6.6553033 | J32: =AVERAGEIFS(rawdata!$K:$K,rawdata!$A:$A,'overview sessions'!$D32,rawdata!$B:$B,'overview sessions'!$B$7,rawdata!$G:$G,'overview sessions'!$H$3,rawdata!$I:$I,'overview sessions'!$J$5,rawdata!$E:$E,'overview sessions'!J$4)-$C$2 -> 6.27414 | K32: =AVERAGEIFS(rawdata!$K:$K,rawdata!$A:$A,'overview sessions'!$D32,rawdata!$B:$B,'overview sessions'!$B$7,rawdata!$G:$G,'overview sessions'!$H$3,rawdata!$I:$I,'overview sessions'!$J$5,rawdata!$E:$E,'overview sessions'!K$4)-$C$2 -> 5.9508975 | L32: =AVERAGEIFS(rawdata!$K:$K,rawdata!$A:$A,'overview sessions'!$D32,rawdata!$B:$B,'overview sessions'!$B$7,rawdata!$G:$G,'overview sessions'!$H$3,rawdata!$I:$I,'overview sessions'!$J$5,rawdata!$E:$E,'overview sessions'!L$4)-$C$2 -> 4.3720467 | N32: =AVERAGEIFS(rawdata!$K:$K,rawdata!$A:$A,'overview sessions'!$D32,rawdata!$B:$B,'overview sessions'!$B$7,rawdata!$G:$G,'overview sessions'!$P$3)-$C$2 -> 6.0596415 | O32: =AVERAGEIFS(rawdata!$K:$K,rawdata!$A:$A,'overview sessions'!$D32,rawdata!$B:$B,'overview sessions'!$B$7,rawdata!$G:$G,'overview sessions'!$P$3,rawdata!$I:$I,'overview sessions'!$G$5,rawdata!$E:$E,'overview sessions'!O$4)-$C$2 -> 6.8272067 | P32: =AVERAGEIFS(rawdata!$K:$K,rawdata!$A:$A,'overview sessions'!$D32,rawdata!$B:$B,'overview sessions'!$B$7,rawdata!$G:$G,'overview sessions'!$P$3,rawdata!$I:$I,'overview sessions'!$G$5,rawdata!$E:$E,'overview sessions'!P$4)-$C$2 -> 7.251345 | Q32: =AVERAGEIFS(rawdata!$K:$K,rawdata!$A:$A,'overview sessions'!$D32,rawdata!$B:$B,'overview sessions'!$B$7,rawdata!$G:$G,'overview sessions'!$P$3,rawdata!$I:$I,'overview sessions'!$G$5,rawdata!$E:$E,'overview sessions'!Q$4)-$C$2 -> 5.9789233 | R32: =AVERAGEIFS(rawdata!$K:$K,rawdata!$A:$A,'overview sessions'!$D32,rawdata!$B:$B,'overview sessions'!$B$7,rawdata!$G:$G,'overview sessions'!$P$3,rawdata!$I:$I,'overview sessions'!$J$5,rawdata!$E:$E,'overview sessions'!R$4)-$C$2 -> 5.90792 | S32: =AVERAGEIFS(rawdata!$K:$K,rawdata!$A:$A,'overview sessions'!$D32,rawdata!$B:$B,'overview sessions'!$B$7,rawdata!$G:$G,'overview sessions'!$P$3,rawdata!$I:$I,'overview sessions'!$J$5,rawdata!$E:$E,'overview sessions'!S$4)-$C$2 -> 5.5445075 | T32: =AVERAGEIFS(rawdata!$K:$K,rawdata!$A:$A,'overview sessions'!$D32,rawdata!$B:$B,'overview sessions'!$B$7,rawdata!$G:$G,'overview sessions'!$P$3,rawdata!$I:$I,'overview sessions'!$J$5,rawdata!$E:$E,'overview sessions'!T$4)-$C$2 -> 4.6224233
A33: C | B33: 1 | D33: 127 | E33: =AVERAGEIFS(rawdata!$K:$K,rawdata!$A:$A,'overview sessions'!$D33,rawdata!$B:$B,'overview sessions'!$B$7)-$C$2 -> 4.4613693 | F33: =AVERAGEIFS(rawdata!$K:$K,rawdata!$A:$A,'overview sessions'!$D33,rawdata!$B:$B,'overview sessions'!$B$7,rawdata!$G:$G,'overview sessions'!$H$3)-$C$2 -> 4.2586325 | G33: =AVERAGEIFS(rawdata!$K:$K,rawdata!$A:$A,'overview sessions'!$D33,rawdata!$B:$B,'overview sessions'!$B$7,rawdata!$G:$G,'overview sessions'!$H$3,rawdata!$I:$I,'overview sessions'!$G$5,rawdata!$E:$E,'overview sessions'!G$4)-$C$2 -> 6.8047867 | H33: =AVERAGEIFS(rawdata!$K:$K,rawdata!$A:$A,'overview sessions'!$D33,rawdata!$B:$B,'overview sessions'!$B$7,rawdata!$G:$G,'overview sessions'!$H$3,rawdata!$I:$I,'overview sessions'!$G$5,rawdata!$E:$E,'overview sessions'!H$4)-$C$2 -> 4.1235425 | I33: =AVERAGEIFS(rawdata!$K:$K,rawdata!$A:$A,'overview sessions'!$D33,rawdata!$B:$B,'overview sessions'!$B$7,rawdata!$G:$G,'overview sessions'!$H$3,rawdata!$I:$I,'overview sessions'!$G$5,rawdata!$E:$E,'overview sessions'!I$4)-$C$2 -> 2.4251133 | J33: =AVERAGEIFS(rawdata!$K:$K,rawdata!$A:$A,'overview sessions'!$D33,rawdata!$B:$B,'overview sessions'!$B$7,rawdata!$G:$G,'overview sessions'!$H$3,rawdata!$I:$I,'overview sessions'!$J$5,rawdata!$E:$E,'overview sessions'!J$4)-$C$2 -> 6.53199 | K33: =AVERAGEIFS(rawdata!$K:$K,rawdata!$A:$A,'overview sessions'!$D33,rawdata!$B:$B,'overview sessions'!$B$7,rawdata!$G:$G,'overview sessions'!$H$3,rawdata!$I:$I,'overview sessions'!$J$5,rawdata!$E:$E,'overview sessions'!K$4)-$C$2 -> 3.4536975 | L33: =AVERAGEIFS(rawdata!$K:$K,rawdata!$A:$A,'overview sessions'!$D33,rawdata!$B:$B,'overview sessions'!$B$7,rawdata!$G:$G,'overview sessions'!$H$3,rawdata!$I:$I,'overview sessions'!$J$5,rawdata!$E:$E,'overview sessions'!L$4)-$C$2 -> 2.5260067 | N33: =AVERAGEIFS(rawdata!$K:$K,rawdata!$A:$A,'overview sessions'!$D33,rawdata!$B:$B,'overview sessions'!$B$7,rawdata!$G:$G,'overview sessions'!$P$3)-$C$2 -> 4.509753 | O33: =AVERAGEIFS(rawdata!$K:$K,rawdata!$A:$A,'overview sessions'!$D33,rawdata!$B:$B,'overview sessions'!$B$7,rawdata!$G:$G,'overview sessions'!$P$3,rawdata!$I:$I,'overview sessions'!$G$5,rawdata!$E:$E,'overview sessions'!O$4)-$C$2 -> 6.72257 | P33: =AVERAGEIFS(rawdata!$K:$K,rawdata!$A:$A,'overview sessions'!$D33,rawdata!$B:$B,'overview sessions'!$B$7,rawdata!$G:$G,'overview sessions'!$P$3,rawdata!$I:$I,'overview sessions'!$G$5,rawdata!$E:$E,'overview sessions'!P$4)-$C$2 -> 4.2076225 | Q33: =AVERAGEIFS(rawdata!$K:$K,rawdata!$A:$A,'overview sessions'!$D33,rawdata!$B:$B,'overview sessions'!$B$7,rawdata!$G:$G,'overview sessions'!$P$3,rawdata!$I:$I,'overview sessions'!$G$5,rawdata!$E:$E,'overview sessions'!Q$4)-$C$2 -> 2.5073267 | R33: =AVERAGEIFS(rawdata!$K:$K,rawdata!$A:$A,'overview sessions'!$D33,rawdata!$B:$B,'overview sessions'!$B$7,rawdata!$G:$G,'overview sessions'!$P$3,rawdata!$I:$I,'overview sessions'!$J$5,rawdata!$E:$E,'overview sessions'!R$4)-$C$2 -> 6.5581467 | S33: =AVERAGEIFS(rawdata!$K:$K,rawdata!$A:$A,'overview sessions'!$D33,rawdata!$B:$B,'overview sessions'!$B$7,rawdata!$G:$G,'overview sessions'!$P$3,rawdata!$I:$I,'overview sessions'!$J$5,rawdata!$E:$E,'overview sessions'!S$4)-$C$2 -> 4.199215 | T33: =AVERAGEIFS(rawdata!$K:$K,rawdata!$A:$A,'overview sessions'!$D33,rawdata!$B:$B,'overview sessions'!$B$7,rawdata!$G:$G,'overview sessions'!$P$3,rawdata!$I:$I,'overview sessions'!$J$5,rawdata!$E:$E,'overview sessions'!T$4)-$C$2 -> 3.06786
A34: C | B34: 1 | D34: 128 | E34: =AVERAGEIFS(rawdata!$K:$K,rawdata!$A:$A,'overview sessions'!$D34,rawdata!$B:$B,'overview sessions'!$B$7)-$C$2 -> 5.8553317 | F34: =AVERAGEIFS(rawdata!$K:$K,rawdata!$A:$A,'overview sessions'!$D34,rawdata!$B:$B,'overview sessions'!$B$7,rawdata!$G:$G,'overview sessions'!$H$3)-$C$2 -> 5.70482 | G34: =AVERAGEIFS(rawdata!$K:$K,rawdata!$A:$A,'overview sessions'!$D34,rawdata!$B:$B,'overview sessions'!$B$7,rawdata!$G:$G,'overview sessions'!$H$3,rawdata!$I:$I,'overview sessions'!$G$5,rawdata!$E:$E,'overview sessions'!G$4)-$C$2 -> 6.6104633 | H34: =AVERAGEIFS(rawdata!$K:$K,rawdata!$A:$A,'overview sessions'!$D34,rawdata!$B:$B,'overview sessions'!$B$7,rawdata!$G:$G,'overview sessions'!$H$3,rawdata!$I:$I,'overview sessions'!$G$5,rawdata!$E:$E,'overview sessions'!H$4)-$C$2 -> 7.200895 | I34: =AVERAGEIFS(rawdata!$K:$K,rawdata!$A:$A,'overview sessions'!$D34,rawdata!$B:$B,'overview sessions'!$B$7,rawdata!$G:$G,'overview sessions'!$H$3,rawdata!$I:$I,'overview sessions'!$G$5,rawdata!$E:$E,'overview sessions'!I$4)-$C$2 -> 2.78012 | J34: =AVERAGEIFS(rawdata!$K:$K,rawdata!$A:$A,'overview sessions'!$D34,rawdata!$B:$B,'overview sessions'!$B$7,rawdata!$G:$G,'overview sessions'!$H$3,rawdata!$I:$I,'overview sessions'!$J$5,rawdata!$E:$E,'overview sessions'!J$4)-$C$2 -> 9.21136 | K34: =AVERAGEIFS(rawdata!$K:$K,rawdata!$A:$A,'overview sessions'!$D34,rawdata!$B:$B,'overview sessions'!$B$7,rawdata!$G:$G,'overview sessions'!$H$3,rawdata!$I:$I,'overview sessions'!$J$5,rawdata!$E:$E,'overview sessions'!K$4)-$C$2 -> 4.7709625 | L34: =AVERAGEIFS(rawdata!$K:$K,rawdata!$A:$A,'overview sessions'!$D34,rawdata!$B:$B,'overview sessions'!$B$7,rawdata!$G:$G,'overview sessions'!$H$3,rawdata!$I:$I,'overview sessions'!$J$5,rawdata!$E:$E,'overview sessions'!L$4)-$C$2 -> 3.4677133 | N34: =AVERAGEIFS(rawdata!$K:$K,rawdata!$A:$A,'overview sessions'!$D34,rawdata!$B:$B,'overview sessions'!$B$7,rawdata!$G:$G,'overview sessions'!$P$3)-$C$2 -> 6.094395 | O34: =AVERAGEIFS(rawdata!$K:$K,rawdata!$A:$A,'overview sessions'!$D34,rawdata!$B:$B,'overview sessions'!$B$7,rawdata!$G:$G,'overview sessions'!$P$3,rawdata!$I:$I,'overview sessions'!$G$5,rawdata!$E:$E,'overview sessions'!O$4)-$C$2 -> 7.8212267 | P34: =AVERAGEIFS(rawdata!$K:$K,rawdata!$A:$A,'overview sessions'!$D34,rawdata!$B:$B,'overview sessions'!$B$7,rawdata!$G:$G,'overview sessions'!$P$3,rawdata!$I:$I,'overview sessions'!$G$5,rawdata!$E:$E,'overview sessions'!P$4)-$C$2 -> 8.083745 | Q34: =AVERAGEIFS(rawdata!$K:$K,rawdata!$A:$A,'overview sessions'!$D34,rawdata!$B:$B,'overview sessions'!$B$7,rawdata!$G:$G,'overview sessions'!$P$3,rawdata!$I:$I,'overview sessions'!$G$5,rawdata!$E:$E,'overview sessions'!Q$4)-$C$2 -> 4.01704 | R34: =AVERAGEIFS(rawdata!$K:$K,rawdata!$A:$A,'overview sessions'!$D34,rawdata!$B:$B,'overview sessions'!$B$7,rawdata!$G:$G,'overview sessions'!$P$3,rawdata!$I:$I,'overview sessions'!$J$5,rawdata!$E:$E,'overview sessions'!R$4)-$C$2 -> 8.3145 | S34: =AVERAGEIFS(rawdata!$K:$K,rawdata!$A:$A,'overview sessions'!$D34,rawdata!$B:$B,'overview sessions'!$B$7,rawdata!$G:$G,'overview sessions'!$P$3,rawdata!$I:$I,'overview sessions'!$J$5,rawdata!$E:$E,'overview sessions'!S$4)-$C$2 -> 5.031615 | T34: =AVERAGEIFS(rawdata!$K:$K,rawdata!$A:$A,'overview sessions'!$D34,rawdata!$B:$B,'overview sessions'!$B$7,rawdata!$G:$G,'overview sessions'!$P$3,rawdata!$I:$I,'overview sessions'!$J$5,rawdata!$E:$E,'overview sessions'!T$4)-$C$2 -> 2.9893867
A35: B | B35: 1 | D35: 129 | E35: =AVERAGEIFS(rawdata!$K:$K,rawdata!$A:$A,'overview sessions'!$D35,rawdata!$B:$B,'overview sessions'!$B$7)-$C$2 -> 6.1998576 | F35: =AVERAGEIFS(rawdata!$K:$K,rawdata!$A:$A,'overview sessions'!$D35,rawdata!$B:$B,'overview sessions'!$B$7,rawdata!$G:$G,'overview sessions'!$H$3)-$C$2 -> 6.0826225 | G35: =AVERAGEIFS(rawdata!$K:$K,rawdata!$A:$A,'overview sessions'!$D35,rawdata!$B:$B,'overview sessions'!$B$7,rawdata!$G:$G,'overview sessions'!$H$3,rawdata!$I:$I,'overview sessions'!$G$5,rawdata!$E:$E,'overview sessions'!G$4)-$C$2 -> 7.2008967 | H35: =AVERAGEIFS(rawdata!$K:$K,rawdata!$A:$A,'overview sessions'!$D35,rawdata!$B:$B,'overview sessions'!$B$7,rawdata!$G:$G,'overview sessions'!$H$3,rawdata!$I:$I,'overview sessions'!$G$5,rawdata!$E:$E,'overview sessions'!H$4)-$C$2 -> 6.6767925 | I35: =AVERAGEIFS(rawdata!$K:$K,rawdata!$A:$A,'overview sessions'!$D35,rawdata!$B:$B,'overview sessions'!$B$7,rawdata!$G:$G,'overview sessions'!$H$3,rawdata!$I:$I,'overview sessions'!$G$5,rawdata!$E:$E,'overview sessions'!I$4)-$C$2 -> 4.0917767 | J35: =AVERAGEIFS(rawdata!$K:$K,rawdata!$A:$A,'overview sessions'!$D35,rawdata!$B:$B,'overview sessions'!$B$7,rawdata!$G:$G,'overview sessions'!$H$3,rawdata!$I:$I,'overview sessions'!$J$5,rawdata!$E:$E,'overview sessions'!J$4)-$C$2 -> 7.4363233 | K35: =AVERAGEIFS(rawdata!$K:$K,rawdata!$A:$A,'overview sessions'!$D35,rawdata!$B:$B,'overview sessions'!$B$7,rawdata!$G:$G,'overview sessions'!$H$3,rawdata!$I:$I,'overview sessions'!$J$5,rawdata!$E:$E,'overview sessions'!K$4)-$C$2 -> 6.7636775 | L35: =AVERAGEIFS(rawdata!$K:$K,rawdata!$A:$A,'overview sessions'!$D35,rawdata!$B:$B,'overview sessions'!$B$7,rawdata!$G:$G,'overview sessions'!$H$3,rawdata!$I:$I,'overview sessions'!$J$5,rawdata!$E:$E,'overview sessions'!L$4)-$C$2 -> 3.9011933 | N35: =AVERAGEIFS(rawdata!$K:$K,rawdata!$A:$A,'overview sessions'!$D35,rawdata!$B:$B,'overview sessions'!$B$7,rawdata!$G:$G,'overview sessions'!$P$3)-$C$2 -> 6.385314 | O35: =AVERAGEIFS(rawdata!$K:$K,rawdata!$A:$A,'overview sessions'!$D35,rawdata!$B:$B,'overview sessions'!$B$7,rawdata!$G:$G,'overview sessions'!$P$3,rawdata!$I:$I,'overview sessions'!$G$5,rawdata!$E:$E,'overview sessions'!O$4)-$C$2 -> 7.4587433 | P35: =AVERAGEIFS(rawdata!$K:$K,rawdata!$A:$A,'overview sessions'!$D35,rawdata!$B:$B,'overview sessions'!$B$7,rawdata!$G:$G,'overview sessions'!$P$3,rawdata!$I:$I,'overview sessions'!$G$5,rawdata!$E:$E,'overview sessions'!P$4)-$C$2 -> 7.4139025 | Q35: =AVERAGEIFS(rawdata!$K:$K,rawdata!$A:$A,'overview sessions'!$D35,rawdata!$B:$B,'overview sessions'!$B$7,rawdata!$G:$G,'overview sessions'!$P$3,rawdata!$I:$I,'overview sessions'!$G$5,rawdata!$E:$E,'overview sessions'!Q$4)-$C$2 -> 4.2898333 | R35: =AVERAGEIFS(rawdata!$K:$K,rawdata!$A:$A,'overview sessions'!$D35,rawdata!$B:$B,'overview sessions'!$B$7,rawdata!$G:$G,'overview sessions'!$P$3,rawdata!$I:$I,'overview sessions'!$J$5,rawdata!$E:$E,'overview sessions'!R$4)-$C$2 -> 7.7390133 | S35: =AVERAGEIFS(rawdata!$K:$K,rawdata!$A:$A,'overview sessions'!$D35,rawdata!$B:$B,'overview sessions'!$B$7,rawdata!$G:$G,'overview sessions'!$P$3,rawdata!$I:$I,'overview sessions'!$J$5,rawdata!$E:$E,'overview sessions'!S$4)-$C$2 -> 6.6824 | T35: =AVERAGEIFS(rawdata!$K:$K,rawdata!$A:$A,'overview sessions'!$D35,rawdata!$B:$B,'overview sessions'!$B$7,rawdata!$G:$G,'overview sessions'!$P$3,rawdata!$I:$I,'overview sessions'!$J$5,rawdata!$E:$E,'overview sessions'!T$4)-$C$2 -> 4.2861
A36: B | B36: 1 | D36: 130 | E36: =AVERAGEIFS(rawdata!$K:$K,rawdata!$A:$A,'overview sessions'!$D36,rawdata!$B:$B,'overview sessions'!$B$7)-$C$2 -> 8.3470638 | F36: =AVERAGEIFS(rawdata!$K:$K,rawdata!$A:$A,'overview sessions'!$D36,rawdata!$B:$B,'overview sessions'!$B$7,rawdata!$G:$G,'overview sessions'!$H$3)-$C$2 -> 8.3139657 | G36: =AVERAGEIFS(rawdata!$K:$K,rawdata!$A:$A,'overview sessions'!$D36,rawdata!$B:$B,'overview sessions'!$B$7,rawdata!$G:$G,'overview sessions'!$H$3,rawdata!$I:$I,'overview sessions'!$G$5,rawdata!$E:$E,'overview sessions'!G$4)-$C$2 -> 9.7756333 | H36: =AVERAGEIFS(rawdata!$K:$K,rawdata!$A:$A,'overview sessions'!$D36,rawdata!$B:$B,'overview sessions'!$B$7,rawdata!$G:$G,'overview sessions'!$H$3,rawdata!$I:$I,'overview sessions'!$G$5,rawdata!$E:$E,'overview sessions'!H$4)-$C$2 -> 8.2603125 | I36: =AVERAGEIFS(rawdata!$K:$K,rawdata!$A:$A,'overview sessions'!$D36,rawdata!$B:$B,'overview sessions'!$B$7,rawdata!$G:$G,'overview sessions'!$H$3,rawdata!$I:$I,'overview sessions'!$G$5,rawdata!$E:$E,'overview sessions'!I$4)-$C$2 -> 7.52601 | J36: =AVERAGEIFS(rawdata!$K:$K,rawdata!$A:$A,'overview sessions'!$D36,rawdata!$B:$B,'overview sessions'!$B$7,rawdata!$G:$G,'overview sessions'!$H$3,rawdata!$I:$I,'overview sessions'!$J$5,rawdata!$E:$E,'overview sessions'!J$4)-$C$2 -> 8.6508233 | K36: =AVERAGEIFS(rawdata!$K:$K,rawdata!$A:$A,'overview sessions'!$D36,rawdata!$B:$B,'overview sessions'!$B$7,rawdata!$G:$G,'overview sessions'!$H$3,rawdata!$I:$I,'overview sessions'!$J$5,rawdata!$E:$E,'overview sessions'!K$4)-$C$2 -> 8.21267 | L36: =AVERAGEIFS(rawdata!$K:$K,rawdata!$A:$A,'overview sessions'!$D36,rawdata!$B:$B,'overview sessions'!$B$7,rawdata!$G:$G,'overview sessions'!$H$3,rawdata!$I:$I,'overview sessions'!$J$5,rawdata!$E:$E,'overview sessions'!L$4)-$C$2 -> 7.7726467 | N36: =AVERAGEIFS(rawdata!$K:$K,rawdata!$A:$A,'overview sessions'!$D36,rawdata!$B:$B,'overview sessions'!$B$7,rawdata!$G:$G,'overview sessions'!$P$3)-$C$2 -> 8.367376 | O36: =AVERAGEIFS(rawdata!$K:$K,rawdata!$A:$A,'overview sessions'!$D36,rawdata!$B:$B,'overview sessions'!$B$7,rawdata!$G:$G,'overview sessions'!$P$3,rawdata!$I:$I,'overview sessions'!$G$5,rawdata!$E:$E,'overview sessions'!O$4)-$C$2 -> 9.6 | P36: =AVERAGEIFS(rawdata!$K:$K,rawdata!$A:$A,'overview sessions'!$D36,rawdata!$B:$B,'overview sessions'!$B$7,rawdata!$G:$G,'overview sessions'!$P$3,rawdata!$I:$I,'overview sessions'!$G$5,rawdata!$E:$E,'overview sessions'!P$4)-$C$2 -> 8.209865 | Q36: =AVERAGEIFS(rawdata!$K:$K,rawdata!$A:$A,'overview sessions'!$D36,rawdata!$B:$B,'overview sessions'!$B$7,rawdata!$G:$G,'overview sessions'!$P$3,rawdata!$I:$I,'overview sessions'!$G$5,rawdata!$E:$E,'overview sessions'!Q$4)-$C$2 -> 7.8959633 | R36: =AVERAGEIFS(rawdata!$K:$K,rawdata!$A:$A,'overview sessions'!$D36,rawdata!$B:$B,'overview sessions'!$B$7,rawdata!$G:$G,'overview sessions'!$P$3,rawdata!$I:$I,'overview sessions'!$J$5,rawdata!$E:$E,'overview sessions'!R$4)-$C$2 -> 9.0992533 | S36: =AVERAGEIFS(rawdata!$K:$K,rawdata!$A:$A,'overview sessions'!$D36,rawdata!$B:$B,'overview sessions'!$B$7,rawdata!$G:$G,'overview sessions'!$P$3,rawdata!$I:$I,'overview sessions'!$J$5,rawdata!$E:$E,'overview sessions'!S$4)-$C$2 -> 8.0837425 | T36: =AVERAGEIFS(rawdata!$K:$K,rawdata!$A:$A,'overview sessions'!$D36,rawdata!$B:$B,'overview sessions'!$B$7,rawdata!$G:$G,'overview sessions'!$P$3,rawdata!$I:$I,'overview sessions'!$J$5,rawdata!$E:$E,'overview sessions'!T$4)-$C$2 -> 7.46248
C38: Session=2
A41: B | B41: 2 | C41: B | D41: =D7 -> 101 | E41: =AVERAGEIFS(rawdata!$K:$K,rawdata!$A:$A,'overview sessions'!$D7,rawdata!$B:$B,'overview sessions'!$B$41)-$C$2 -> 4.8717929 | F41: =AVERAGEIFS(rawdata!$K:$K,rawdata!$A:$A,'overview sessions'!$D7,rawdata!$B:$B,'overview sessions'!$B$41,rawdata!$G:$G,'overview sessions'!$H$3)-$C$2 -> 4.85 | G41: =AVERAGEIFS(rawdata!$K:$K,rawdata!$A:$A,'overview sessions'!$D7,rawdata!$B:$B,'overview sessions'!$B$41,rawdata!$G:$G,'overview sessions'!$H$3,rawdata!$I:$I,'overview sessions'!$G$5,rawdata!$E:$E,'overview sessions'!G$4)-$C$2 -> 5.6351267 | H41: =AVERAGEIFS(rawdata!$K:$K,rawdata!$A:$A,'overview sessions'!$D7,rawdata!$B:$B,'overview sessions'!$B$41,rawdata!$G:$G,'overview sessions'!$H$3,rawdata!$I:$I,'overview sessions'!$G$5,rawdata!$E:$E,'overview sessions'!H$4)-$C$2 -> 5.897645 | I41: =AVERAGEIFS(rawdata!$K:$K,rawdata!$A:$A,'overview sessions'!$D7,rawdata!$B:$B,'overview sessions'!$B$41,rawdata!$G:$G,'overview sessions'!$H$3,rawdata!$I:$I,'overview sessions'!$G$5,rawdata!$E:$E,'overview sessions'!I$4)-$C$2 -> 2.6269067 | J41: =AVERAGEIFS(rawdata!$K:$K,rawdata!$A:$A,'overview sessions'!$D7,rawdata!$B:$B,'overview sessions'!$B$41,rawdata!$G:$G,'overview sessions'!$H$3,rawdata!$I:$I,'overview sessions'!$J$5,rawdata!$E:$E,'overview sessions'!J$4)-$C$2 -> 6.52825 | K41: =AVERAGEIFS(rawdata!$K:$K,rawdata!$A:$A,'overview sessions'!$D7,rawdata!$B:$B,'overview sessions'!$B$41,rawdata!$G:$G,'overview sessions'!$H$3,rawdata!$I:$I,'overview sessions'!$J$5,rawdata!$E:$E,'overview sessions'!K$4)-$C$2 -> 5.2362125 | L41: =AVERAGEIFS(rawdata!$K:$K,rawdata!$A:$A,'overview sessions'!$D7,rawdata!$B:$B,'overview sessions'!$B$41,rawdata!$G:$G,'overview sessions'!$H$3,rawdata!$I:$I,'overview sessions'!$J$5,rawdata!$E:$E,'overview sessions'!L$4)-$C$2 -> 2.6979067 | N41: =AVERAGEIFS(rawdata!$K:$K,rawdata!$A:$A,'overview sessions'!$D7,rawdata!$B:$B,'overview sessions'!$B$41,rawdata!$G:$G,'overview sessions'!$P$3)-$C$2 -> 4.951458 | O41: =AVERAGEIFS(rawdata!$K:$K,rawdata!$A:$A,'overview sessions'!$D7,rawdata!$B:$B,'overview sessions'!$B$41,rawdata!$G:$G,'overview sessions'!$P$3,rawdata!$I:$I,'overview sessions'!$G$5,rawdata!$E:$E,'overview sessions'!G$4)-$C$2 -> 6.0872933 | P41: =AVERAGEIFS(rawdata!$K:$K,rawdata!$A:$A,'overview sessions'!$D7,rawdata!$B:$B,'overview sessions'!$B$41,rawdata!$G:$G,'overview sessions'!$P$3,rawdata!$I:$I,'overview sessions'!$G$5,rawdata!$E:$E,'overview sessions'!H$4)-$C$2 -> 6.3769075 | Q41: =AVERAGEIFS(rawdata!$K:$K,rawdata!$A:$A,'overview sessions'!$D7,rawdata!$B:$B,'overview sessions'!$B$41,rawdata!$G:$G,'overview sessions'!$P$3,rawdata!$I:$I,'overview sessions'!$G$5,rawdata!$E:$E,'overview sessions'!I$4)-$C$2 -> 2.7165933 | R41: =AVERAGEIFS(rawdata!$K:$K,rawdata!$A:$A,'overview sessions'!$D7,rawdata!$B:$B,'overview sessions'!$B$41,rawdata!$G:$G,'overview sessions'!$P$3,rawdata!$I:$I,'overview sessions'!$J$5,rawdata!$E:$E,'overview sessions'!J$4)-$C$2 -> 6.1807167 | S41: =AVERAGEIFS(rawdata!$K:$K,rawdata!$A:$A,'overview sessions'!$D7,rawdata!$B:$B,'overview sessions'!$B$41,rawdata!$G:$G,'overview sessions'!$P$3,rawdata!$I:$I,'overview sessions'!$J$5,rawdata!$E:$E,'overview sessions'!K$4)-$C$2 -> 5.2586325 | T41: =AVERAGEIFS(rawdata!$K:$K,rawdata!$A:$A,'overview sessions'!$D7,rawdata!$B:$B,'overview sessions'!$B$41,rawdata!$G:$G,'overview sessions'!$P$3,rawdata!$I:$I,'overview sessions'!$J$5,rawdata!$E:$E,'overview sessions'!L$4)-$C$2 -> 2.5110633
A42: C | B42: 2 | C42: C | D42: =D8 -> 102 | E42: =AVERAGEIFS(rawdata!$K:$K,rawdata!$A:$A,'overview sessions'!$D8,rawdata!$B:$B,'overview sessions'!$B$41)-$C$2 -> 2.761982 | F42: =AVERAGEIFS(rawdata!$K:$K,rawdata!$A:$A,'overview sessions'!$D8,rawdata!$B:$B,'overview sessions'!$B$41,rawdata!$G:$G,'overview sessions'!$H$3)-$C$2 -> 2.7339685 | G42: =AVERAGEIFS(rawdata!$K:$K,rawdata!$A:$A,'overview sessions'!$D8,rawdata!$B:$B,'overview sessions'!$B$41,rawdata!$G:$G,'overview sessions'!$H$3,rawdata!$I:$I,'overview sessions'!$G$5,rawdata!$E:$E,'overview sessions'!G$4)-$C$2 -> 5.02601 | H42: =AVERAGEIFS(rawdata!$K:$K,rawdata!$A:$A,'overview sessions'!$D8,rawdata!$B:$B,'overview sessions'!$B$41,rawdata!$G:$G,'overview sessions'!$H$3,rawdata!$I:$I,'overview sessions'!$G$5,rawdata!$E:$E,'overview sessions'!H$4)-$C$2 -> 2.209305 | I42: =AVERAGEIFS(rawdata!$K:$K,rawdata!$A:$A,'overview sessions'!$D8,rawdata!$B:$B,'overview sessions'!$B$41,rawdata!$G:$G,'overview sessions'!$H$3,rawdata!$I:$I,'overview sessions'!$G$5,rawdata!$E:$E,'overview sessions'!I$4)-$C$2 -> 1.3040333 | J42: =AVERAGEIFS(rawdata!$K:$K,rawdata!$A:$A,'overview sessions'!$D8,rawdata!$B:$B,'overview sessions'!$B$41,rawdata!$G:$G,'overview sessions'!$H$3,rawdata!$I:$I,'overview sessions'!$J$5,rawdata!$E:$E,'overview sessions'!J$4)-$C$2 -> 3.37429 | K42: =AVERAGEIFS(rawdata!$K:$K,rawdata!$A:$A,'overview sessions'!$D8,rawdata!$B:$B,'overview sessions'!$B$41,rawdata!$G:$G,'overview sessions'!$H$3,rawdata!$I:$I,'overview sessions'!$J$5,rawdata!$E:$E,'overview sessions'!K$4)-$C$2 -> 3.07814 | L42: =AVERAGEIFS(rawdata!$K:$K,rawdata!$A:$A,'overview sessions'!$D8,rawdata!$B:$B,'overview sessions'!$B$41,rawdata!$G:$G,'overview sessions'!$H$3,rawdata!$I:$I,'overview sessions'!$J$5,rawdata!$E:$E,'overview sessions'!L$4)-$C$2 -> 1.4721967 | N42: =AVERAGEIFS(rawdata!$K:$K,rawdata!$A:$A,'overview sessions'!$D8,rawdata!$B:$B,'overview sessions'!$B$41,rawdata!$G:$G,'overview sessions'!$P$3)-$C$2 -> 2.789462 | O42: =AVERAGEIFS(rawdata!$K:$K,rawdata!$A:$A,'overview sessions'!$D8,rawdata!$B:$B,'overview sessions'!$B$41,rawdata!$G:$G,'overview sessions'!$P$3,rawdata!$I:$I,'overview sessions'!$G$5,rawdata!$E:$E,'overview sessions'!G$4)-$C$2 -> 2.4437967 | P42: =AVERAGEIFS(rawdata!$K:$K,rawdata!$A:$A,'overview sessions'!$D8,rawdata!$B:$B,'overview sessions'!$B$41,rawdata!$G:$G,'overview sessions'!$P$3,rawdata!$I:$I,'overview sessions'!$G$5,rawdata!$E:$E,'overview sessions'!H$4)-$C$2 -> 3.4340775 | Q42: =AVERAGEIFS(rawdata!$K:$K,rawdata!$A:$A,'overview sessions'!$D8,rawdata!$B:$B,'overview sessions'!$B$41,rawdata!$G:$G,'overview sessions'!$P$3,rawdata!$I:$I,'overview sessions'!$G$5,rawdata!$E:$E,'overview sessions'!I$4)-$C$2 -> 2.0476833 | R42: =AVERAGEIFS(rawdata!$K:$K,rawdata!$A:$A,'overview sessions'!$D8,rawdata!$B:$B,'overview sessions'!$B$41,rawdata!$G:$G,'overview sessions'!$P$3,rawdata!$I:$I,'overview sessions'!$J$5,rawdata!$E:$E,'overview sessions'!J$4)-$C$2 -> 3.21734 | S42: =AVERAGEIFS(rawdata!$K:$K,rawdata!$A:$A,'overview sessions'!$D8,rawdata!$B:$B,'overview sessions'!$B$41,rawdata!$G:$G,'overview sessions'!$P$3,rawdata!$I:$I,'overview sessions'!$J$5,rawdata!$E:$E,'overview sessions'!K$4)-$C$2 -> 3.64989 | T42: =AVERAGEIFS(rawdata!$K:$K,rawdata!$A:$A,'overview sessions'!$D8,rawdata!$B:$B,'overview sessions'!$B$41,rawdata!$G:$G,'overview sessions'!$P$3,rawdata!$I:$I,'overview sessions'!$J$5,rawdata!$E:$E,'overview sessions'!L$4)-$C$2 -> 1.4423033
A43: A | B43: 2 | C43: A | D43: =D9 -> 103 | E43: =AVERAGEIFS(rawdata!$K:$K,rawdata!$A:$A,'overview sessions'!$D9,rawdata!$B:$B,'overview sessions'!$B$41)-$C$2 -> 4.3038717 | F43: =AVERAGEIFS(rawdata!$K:$K,rawdata!$A:$A,'overview sessions'!$D9,rawdata!$B:$B,'overview sessions'!$B$41,rawdata!$G:$G,'overview sessions'!$H$3)-$C$2 -> 4.1835195 | G43: =AVERAGEIFS(rawdata!$K:$K,rawdata!$A:$A,'overview sessions'!$D9,rawdata!$B:$B,'overview sessions'!$B$41,rawdata!$G:$G,'overview sessions'!$H$3,rawdata!$I:$I,'overview sessions'!$G$5,rawdata!$E:$E,'overview sessions'!G$4)-$C$2 -> 7.1074733 | H43: =AVERAGEIFS(rawdata!$K:$K,rawdata!$A:$A,'overview sessions'!$D9,rawdata!$B:$B,'overview sessions'!$B$41,rawdata!$G:$G,'overview sessions'!$H$3,rawdata!$I:$I,'overview sessions'!$G$5,rawdata!$E:$E,'overview sessions'!H$4)-$C$2 -> 5.1857625 | I43: =AVERAGEIFS(rawdata!$K:$K,rawdata!$A:$A,'overview sessions'!$D9,rawdata!$B:$B,'overview sessions'!$B$41,rawdata!$G:$G,'overview sessions'!$H$3,rawdata!$I:$I,'overview sessions'!$G$5,rawdata!$E:$E,'overview sessions'!I$4)-$C$2 -> 2.4325833 | J43: =AVERAGEIFS(rawdata!$K:$K,rawdata!$A:$A,'overview sessions'!$D9,rawdata!$B:$B,'overview sessions'!$B$41,rawdata!$G:$G,'overview sessions'!$H$3,rawdata!$I:$I,'overview sessions'!$J$5,rawdata!$E:$E,'overview sessions'!J$4)-$C$2 -> 3.4490267 | K43: =AVERAGEIFS(rawdata!$K:$K,rawdata!$A:$A,'overview sessions'!$D9,rawdata!$B:$B,'overview sessions'!$B$41,rawdata!$G:$G,'overview sessions'!$H$3,rawdata!$I:$I,'overview sessions'!$J$5,rawdata!$E:$E,'overview sessions'!K$4)-$C$2 -> 3.52657 | L43: =AVERAGEIFS(rawdata!$K:$K,rawdata!$A:$A,'overview sessions'!$D9,rawdata!$B:$B,'overview sessions'!$B$41,rawdata!$G:$G,'overview sessions'!$H$3,rawdata!$I:$I,'overview sessions'!$J$5,rawdata!$E:$E,'overview sessions'!L$4)-$C$2 -> 3.2846033 | N43: =AVERAGEIFS(rawdata!$K:$K,rawdata!$A:$A,'overview sessions'!$D9,rawdata!$B:$B,'overview sessions'!$B$41,rawdata!$G:$G,'overview sessions'!$P$3)-$C$2 -> 4.3584085 | O43: =AVERAGEIFS(rawdata!$K:$K,rawdata!$A:$A,'overview sessions'!$D9,rawdata!$B:$B,'overview sessions'!$B$41,rawdata!$G:$G,'overview sessions'!$P$3,rawdata!$I:$I,'overview sessions'!$G$5,rawdata!$E:$E,'overview sessions'!G$4)-$C$2 -> 7.0925267 | P43: =AVERAGEIFS(rawdata!$K:$K,rawdata!$A:$A,'overview sessions'!$D9,rawdata!$B:$B,'overview sessions'!$B$41,rawdata!$G:$G,'overview sessions'!$P$3,rawdata!$I:$I,'overview sessions'!$G$5,rawdata!$E:$E,'overview sessions'!H$4)-$C$2 -> 5.3763475 | Q43: =AVERAGEIFS(rawdata!$K:$K,rawdata!$A:$A,'overview sessions'!$D9,rawdata!$B:$B,'overview sessions'!$B$41,rawdata!$G:$G,'overview sessions'!$P$3,rawdata!$I:$I,'overview sessions'!$G$5,rawdata!$E:$E,'overview sessions'!I$4)-$C$2 -> 2.9669667 | R43: =AVERAGEIFS(rawdata!$K:$K,rawdata!$A:$A,'overview sessions'!$D9,rawdata!$B:$B,'overview sessions'!$B$41,rawdata!$G:$G,'overview sessions'!$P$3,rawdata!$I:$I,'overview sessions'!$J$5,rawdata!$E:$E,'overview sessions'!J$4)-$C$2 -> 2.8698033 | S43: =AVERAGEIFS(rawdata!$K:$K,rawdata!$A:$A,'overview sessions'!$D9,rawdata!$B:$B,'overview sessions'!$B$41,rawdata!$G:$G,'overview sessions'!$P$3,rawdata!$I:$I,'overview sessions'!$J$5,rawdata!$E:$E,'overview sessions'!K$4)-$C$2 -> 3.80684 | T43: =AVERAGEIFS(rawdata!$K:$K,rawdata!$A:$A,'overview sessions'!$D9,rawdata!$B:$B,'overview sessions'!$B$41,rawdata!$G:$G,'overview sessions'!$P$3,rawdata!$I:$I,'overview sessions'!$J$5,rawdata!$E:$E,'overview sessions'!L$4)-$C$2 -> 3.88251
A44: B | B44: 2 | C44: B | D44: =D10 -> 104 | E44: =AVERAGEIFS(rawdata!$K:$K,rawdata!$A:$A,'overview sessions'!$D10,rawdata!$B:$B,'overview sessions'!$B$41)-$C$2 -> 5.5239312 | F44: =AVERAGEIFS(rawdata!$K:$K,rawdata!$A:$A,'overview sessions'!$D10,rawdata!$B:$B,'overview sessions'!$B$41,rawdata!$G:$G,'overview sessions'!$H$3)-$C$2 -> 6.059081 | G44: =AVERAGEIFS(rawdata!$K:$K,rawdata!$A:$A,'overview sessions'!$D10,rawdata!$B:$B,'overview sessions'!$B$41,rawdata!$G:$G,'overview sessions'!$H$3,rawdata!$I:$I,'overview sessions'!$G$5,rawdata!$E:$E,'overview sessions'!G$4)-$C$2 -> 6.77115 | H44: =AVERAGEIFS(rawdata!$K:$K,rawdata!$A:$A,'overview sessions'!$D10,rawdata!$B:$B,'overview sessions'!$B$41,rawdata!$G:$G,'overview sessions'!$H$3,rawdata!$I:$I,'overview sessions'!$G$5,rawdata!$E:$E,'overview sessions'!H$4)-$C$2 -> 6.7328475 | I44: =AVERAGEIFS(rawdata!$K:$K,rawdata!$A:$A,'overview sessions'!$D10,rawdata!$B:$B,'overview sessions'!$B$41,rawdata!$G:$G,'overview sessions'!$H$3,rawdata!$I:$I,'overview sessions'!$G$5,rawdata!$E:$E,'overview sessions'!I$4)-$C$2 -> 6.0536633 | J44: =AVERAGEIFS(rawdata!$K:$K,rawdata!$A:$A,'overview sessions'!$D10,rawdata!$B:$B,'overview sessions'!$B$41,rawdata!$G:$G,'overview sessions'!$H$3,rawdata!$I:$I,'overview sessions'!$J$5,rawdata!$E:$E,'overview sessions'!J$4)-$C$2 -> 5.9303433 | K44: =AVERAGEIFS(rawdata!$K:$K,rawdata!$A:$A,'overview sessions'!$D10,rawdata!$B:$B,'overview sessions'!$B$41,rawdata!$G:$G,'overview sessions'!$H$3,rawdata!$I:$I,'overview sessions'!$J$5,rawdata!$E:$E,'overview sessions'!K$4)-$C$2 -> 5.740695 | L44: =AVERAGEIFS(rawdata!$K:$K,rawdata!$A:$A,'overview sessions'!$D10,rawdata!$B:$B,'overview sessions'!$B$41,rawdata!$G:$G,'overview sessions'!$H$3,rawdata!$I:$I,'overview sessions'!$J$5,rawdata!$E:$E,'overview sessions'!L$4)-$C$2 -> 5.0073267 | N44: =AVERAGEIFS(rawdata!$K:$K,rawdata!$A:$A,'overview sessions'!$D10,rawdata!$B:$B,'overview sessions'!$B$41,rawdata!$G:$G,'overview sessions'!$P$3)-$C$2 -> 5.0366595 | O44: =AVERAGEIFS(rawdata!$K:$K,rawdata!$A:$A,'overview sessions'!$D10,rawdata!$B:$B,'overview sessions'!$B$41,rawdata!$G:$G,'overview sessions'!$P$3,rawdata!$I:$I,'overview sessions'!$G$5,rawdata!$E:$E,'overview sessions'!G$4)-$C$2 -> 5.4034367 | P44: =AVERAGEIFS(rawdata!$K:$K,rawdata!$A:$A,'overview sessions'!$D10,rawdata!$B:$B,'overview sessions'!$B$41,rawdata!$G:$G,'overview sessions'!$P$3,rawdata!$I:$I,'overview sessions'!$G$5,rawdata!$E:$E,'overview sessions'!H$4)-$C$2 -> 5.295065 | Q44: =AVERAGEIFS(rawdata!$K:$K,rawdata!$A:$A,'overview sessions'!$D10,rawdata!$B:$B,'overview sessions'!$B$41,rawdata!$G:$G,'overview sessions'!$P$3,rawdata!$I:$I,'overview sessions'!$G$5,rawdata!$E:$E,'overview sessions'!I$4)-$C$2 -> 4.9325867 | R44: =AVERAGEIFS(rawdata!$K:$K,rawdata!$A:$A,'overview sessions'!$D10,rawdata!$B:$B,'overview sessions'!$B$41,rawdata!$G:$G,'overview sessions'!$P$3,rawdata!$I:$I,'overview sessions'!$J$5,rawdata!$E:$E,'overview sessions'!J$4)-$C$2 -> 5.3473833 | S44: =AVERAGEIFS(rawdata!$K:$K,rawdata!$A:$A,'overview sessions'!$D10,rawdata!$B:$B,'overview sessions'!$B$41,rawdata!$G:$G,'overview sessions'!$P$3,rawdata!$I:$I,'overview sessions'!$J$5,rawdata!$E:$E,'overview sessions'!K$4)-$C$2 -> 4.73173 | T44: =AVERAGEIFS(rawdata!$K:$K,rawdata!$A:$A,'overview sessions'!$D10,rawdata!$B:$B,'overview sessions'!$B$41,rawdata!$G:$G,'overview sessions'!$P$3,rawdata!$I:$I,'overview sessions'!$J$5,rawdata!$E:$E,'overview sessions'!L$4)-$C$2 -> 4.5252633
A45: C | B45: 2 | C45: C | D45: =D11 -> 105 | E45: =AVERAGEIFS(rawdata!$K:$K,rawdata!$A:$A,'overview sessions'!$D11,rawdata!$B:$B,'overview sessions'!$B$41)-$C$2 -> 4.582501 | F45: =AVERAGEIFS(rawdata!$K:$K,rawdata!$A:$A,'overview sessions'!$D11,rawdata!$B:$B,'overview sessions'!$B$41,rawdata!$G:$G,'overview sessions'!$H$3)-$C$2 -> 4.398768 | G45: =AVERAGEIFS(rawdata!$K:$K,rawdata!$A:$A,'overview sessions'!$D11,rawdata!$B:$B,'overview sessions'!$B$41,rawdata!$G:$G,'overview sessions'!$H$3,rawdata!$I:$I,'overview sessions'!$G$5,rawdata!$E:$E,'overview sessions'!G$4)-$C$2 -> 6.27788 | H45: =AVERAGEIFS(rawdata!$K:$K,rawdata!$A:$A,'overview sessions'!$D11,rawdata!$B:$B,'overview sessions'!$B$41,rawdata!$G:$G,'overview sessions'!$H$3,rawdata!$I:$I,'overview sessions'!$G$5,rawdata!$E:$E,'overview sessions'!H$4)-$C$2 -> 5.166145 | I45: =AVERAGEIFS(rawdata!$K:$K,rawdata!$A:$A,'overview sessions'!$D11,rawdata!$B:$B,'overview sessions'!$B$41,rawdata!$G:$G,'overview sessions'!$H$3,rawdata!$I:$I,'overview sessions'!$G$5,rawdata!$E:$E,'overview sessions'!I$4)-$C$2 -> 1.5469333 | J45: =AVERAGEIFS(rawdata!$K:$K,rawdata!$A:$A,'overview sessions'!$D11,rawdata!$B:$B,'overview sessions'!$B$41,rawdata!$G:$G,'overview sessions'!$H$3,rawdata!$I:$I,'overview sessions'!$J$5,rawdata!$E:$E,'overview sessions'!J$4)-$C$2 -> 6.48341 | K45: =AVERAGEIFS(rawdata!$K:$K,rawdata!$A:$A,'overview sessions'!$D11,rawdata!$B:$B,'overview sessions'!$B$41,rawdata!$G:$G,'overview sessions'!$H$3,rawdata!$I:$I,'overview sessions'!$J$5,rawdata!$E:$E,'overview sessions'!K$4)-$C$2 -> 4.1880075 | L45: =AVERAGEIFS(rawdata!$K:$K,rawdata!$A:$A,'overview sessions'!$D11,rawdata!$B:$B,'overview sessions'!$B$41,rawdata!$G:$G,'overview sessions'!$H$3,rawdata!$I:$I,'overview sessions'!$J$5,rawdata!$E:$E,'overview sessions'!L$4)-$C$2 -> 2.5446933 | N45: =AVERAGEIFS(rawdata!$K:$K,rawdata!$A:$A,'overview sessions'!$D11,rawdata!$B:$B,'overview sessions'!$B$41,rawdata!$G:$G,'overview sessions'!$P$3)-$C$2 -> 4.7406955 | O45: =AVERAGEIFS(rawdata!$K:$K,rawdata!$A:$A,'overview sessions'!$D11,rawdata!$B:$B,'overview sessions'!$B$41,rawdata!$G:$G,'overview sessions'!$P$3,rawdata!$I:$I,'overview sessions'!$G$5,rawdata!$E:$E,'overview sessions'!G$4)-$C$2 -> 7.7091167 | P45: =AVERAGEIFS(rawdata!$K:$K,rawdata!$A:$A,'overview sessions'!$D11,rawdata!$B:$B,'overview sessions'!$B$41,rawdata!$G:$G,'overview sessions'!$P$3,rawdata!$I:$I,'overview sessions'!$G$5,rawdata!$E:$E,'overview sessions'!H$4)-$C$2 -> 5.353925 | Q45: =AVERAGEIFS(rawdata!$K:$K,rawdata!$A:$A,'overview sessions'!$D11,rawdata!$B:$B,'overview sessions'!$B$41,rawdata!$G:$G,'overview sessions'!$P$3,rawdata!$I:$I,'overview sessions'!$G$5,rawdata!$E:$E,'overview sessions'!I$4)-$C$2 -> 2.7091167 | R45: =AVERAGEIFS(rawdata!$K:$K,rawdata!$A:$A,'overview sessions'!$D11,rawdata!$B:$B,'overview sessions'!$B$41,rawdata!$G:$G,'overview sessions'!$P$3,rawdata!$I:$I,'overview sessions'!$J$5,rawdata!$E:$E,'overview sessions'!J$4)-$C$2 -> 6.7038867 | S45: =AVERAGEIFS(rawdata!$K:$K,rawdata!$A:$A,'overview sessions'!$D11,rawdata!$B:$B,'overview sessions'!$B$41,rawdata!$G:$G,'overview sessions'!$P$3,rawdata!$I:$I,'overview sessions'!$J$5,rawdata!$E:$E,'overview sessions'!K$4)-$C$2 -> 4.1319525 | T45: =AVERAGEIFS(rawdata!$K:$K,rawdata!$A:$A,'overview sessions'!$D11,rawdata!$B:$B,'overview sessions'!$B$41,rawdata!$G:$G,'overview sessions'!$P$3,rawdata!$I:$I,'overview sessions'!$J$5,rawdata!$E:$E,'overview sessions'!L$4)-$C$2 -> 1.83468
A46: A | B46: 2 | C46: A | D46: =D12 -> 106 | E46: =AVERAGEIFS(rawdata!$K:$K,rawdata!$A:$A,'overview sessions'!$D12,rawdata!$B:$B,'overview sessions'!$B$41)-$C$2 -> 5.5553756 | F46: =AVERAGEIFS(rawdata!$K:$K,rawdata!$A:$A,'overview sessions'!$D12,rawdata!$B:$B,'overview sessions'!$B$41,rawdata!$G:$G,'overview sessions'!$H$3)-$C$2 -> 5.910538 | G46: =AVERAGEIFS(rawdata!$K:$K,rawdata!$A:$A,'overview sessions'!$D12,rawdata!$B:$B,'overview sessions'!$B$41,rawdata!$G:$G,'overview sessions'!$H$3,rawdata!$I:$I,'overview sessions'!$G$5,rawdata!$E:$E,'overview sessions'!G$4)-$C$2 -> 7.5222733 | H46: =AVERAGEIFS(rawdata!$K:$K,rawdata!$A:$A,'overview sessions'!$D12,rawdata!$B:$B,'overview sessions'!$B$41,rawdata!$G:$G,'overview sessions'!$H$3,rawdata!$I:$I,'overview sessions'!$G$5,rawdata!$E:$E,'overview sessions'!H$4)-$C$2 -> 7.5568375 | I46: =AVERAGEIFS(rawdata!$K:$K,rawdata!$A:$A,'overview sessions'!$D12,rawdata!$B:$B,'overview sessions'!$B$41,rawdata!$G:$G,'overview sessions'!$H$3,rawdata!$I:$I,'overview sessions'!$G$5,rawdata!$E:$E,'overview sessions'!I$4)-$C$2 -> 4.6149467 | J46: =AVERAGEIFS(rawdata!$K:$K,rawdata!$A:$A,'overview sessions'!$D12,rawdata!$B:$B,'overview sessions'!$B$41,rawdata!$G:$G,'overview sessions'!$H$3,rawdata!$I:$I,'overview sessions'!$J$5,rawdata!$E:$E,'overview sessions'!J$4)-$C$2 -> 6.55441 | K46: =AVERAGEIFS(rawdata!$K:$K,rawdata!$A:$A,'overview sessions'!$D12,rawdata!$B:$B,'overview sessions'!$B$41,rawdata!$G:$G,'overview sessions'!$H$3,rawdata!$I:$I,'overview sessions'!$J$5,rawdata!$E:$E,'overview sessions'!K$4)-$C$2 -> 4.8017925 | L46: =AVERAGEIFS(rawdata!$K:$K,rawdata!$A:$A,'overview sessions'!$D12,rawdata!$B:$B,'overview sessions'!$B$41,rawdata!$G:$G,'overview sessions'!$H$3,rawdata!$I:$I,'overview sessions'!$J$5,rawdata!$E:$E,'overview sessions'!L$4)-$C$2 -> 4.2337833 | N46: =AVERAGEIFS(rawdata!$K:$K,rawdata!$A:$A,'overview sessions'!$D12,rawdata!$B:$B,'overview sessions'!$B$41,rawdata!$G:$G,'overview sessions'!$P$3)-$C$2 -> 5.199215 | O46: =AVERAGEIFS(rawdata!$K:$K,rawdata!$A:$A,'overview sessions'!$D12,rawdata!$B:$B,'overview sessions'!$B$41,rawdata!$G:$G,'overview sessions'!$P$3,rawdata!$I:$I,'overview sessions'!$G$5,rawdata!$E:$E,'overview sessions'!G$4)-$C$2 -> 6.89073 | P46: =AVERAGEIFS(rawdata!$K:$K,rawdata!$A:$A,'overview sessions'!$D12,rawdata!$B:$B,'overview sessions'!$B$41,rawdata!$G:$G,'overview sessions'!$P$3,rawdata!$I:$I,'overview sessions'!$G$5,rawdata!$E:$E,'overview sessions'!H$4)-$C$2 -> 6.4189475 | Q46: =AVERAGEIFS(rawdata!$K:$K,rawdata!$A:$A,'overview sessions'!$D12,rawdata!$B:$B,'overview sessions'!$B$41,rawdata!$G:$G,'overview sessions'!$P$3,rawdata!$I:$I,'overview sessions'!$G$5,rawdata!$E:$E,'overview sessions'!I$4)-$C$2 -> 4.01704 | R46: =AVERAGEIFS(rawdata!$K:$K,rawdata!$A:$A,'overview sessions'!$D12,rawdata!$B:$B,'overview sessions'!$B$41,rawdata!$G:$G,'overview sessions'!$P$3,rawdata!$I:$I,'overview sessions'!$J$5,rawdata!$E:$E,'overview sessions'!J$4)-$C$2 -> 5.6500767 | S46: =AVERAGEIFS(rawdata!$K:$K,rawdata!$A:$A,'overview sessions'!$D12,rawdata!$B:$B,'overview sessions'!$B$41,rawdata!$G:$G,'overview sessions'!$P$3,rawdata!$I:$I,'overview sessions'!$J$5,rawdata!$E:$E,'overview sessions'!K$4)-$C$2 -> 4.05067 | T46: =AVERAGEIFS(rawdata!$K:$K,rawdata!$A:$A,'overview sessions'!$D12,rawdata!$B:$B,'overview sessions'!$B$41,rawdata!$G:$G,'overview sessions'!$P$3,rawdata!$I:$I,'overview sessions'!$J$5,rawdata!$E:$E,'overview sessions'!L$4)-$C$2 -> 4.1440967
A47: B | B47: 2 | C47: B | D47: =D13 -> 107 | E47: =AVERAGEIFS(rawdata!$K:$K,rawdata!$A:$A,'overview sessions'!$D13,rawdata!$B:$B,'overview sessions'!$B$41)-$C$2 -> 4.6678122 | F47: =AVERAGEIFS(rawdata!$K:$K,rawdata!$A:$A,'overview sessions'!$D13,rawdata!$B:$B,'overview sessions'!$B$41,rawdata!$G:$G,'overview sessions'!$H$3)-$C$2 -> 4.7143505 | G47: =AVERAGEIFS(rawdata!$K:$K,rawdata!$A:$A,'overview sessions'!$D13,rawdata!$B:$B,'overview sessions'!$B$41,rawdata!$G:$G,'overview sessions'!$H$3,rawdata!$I:$I,'overview sessions'!$G$5,rawdata!$E:$E,'overview sessions'!G$4)-$C$2 -> 5.9901333 | H47: =AVERAGEIFS(rawdata!$K:$K,rawdata!$A:$A,'overview sessions'!$D13,rawdata!$B:$B,'overview sessions'!$B$41,rawdata!$G:$G,'overview sessions'!$H$3,rawdata!$I:$I,'overview sessions'!$G$5,rawdata!$E:$E,'overview sessions'!H$4)-$C$2 -> 4.8073975 | I47: =AVERAGEIFS(rawdata!$K:$K,rawdata!$A:$A,'overview sessions'!$D13,rawdata!$B:$B,'overview sessions'!$B$41,rawdata!$G:$G,'overview sessions'!$H$3,rawdata!$I:$I,'overview sessions'!$G$5,rawdata!$E:$E,'overview sessions'!I$4)-$C$2 -> 3.3331833 | J47: =AVERAGEIFS(rawdata!$K:$K,rawdata!$A:$A,'overview sessions'!$D13,rawdata!$B:$B,'overview sessions'!$B$41,rawdata!$G:$G,'overview sessions'!$H$3,rawdata!$I:$I,'overview sessions'!$J$5,rawdata!$E:$E,'overview sessions'!J$4)-$C$2 -> 5.4707067 | K47: =AVERAGEIFS(rawdata!$K:$K,rawdata!$A:$A,'overview sessions'!$D13,rawdata!$B:$B,'overview sessions'!$B$41,rawdata!$G:$G,'overview sessions'!$H$3,rawdata!$I:$I,'overview sessions'!$J$5,rawdata!$E:$E,'overview sessions'!K$4)-$C$2 -> 4.21323 | L47: =AVERAGEIFS(rawdata!$K:$K,rawdata!$A:$A,'overview sessions'!$D13,rawdata!$B:$B,'overview sessions'!$B$41,rawdata!$G:$G,'overview sessions'!$H$3,rawdata!$I:$I,'overview sessions'!$J$5,rawdata!$E:$E,'overview sessions'!L$4)-$C$2 -> 4.6074767 | N47: =AVERAGEIFS(rawdata!$K:$K,rawdata!$A:$A,'overview sessions'!$D13,rawdata!$B:$B,'overview sessions'!$B$41,rawdata!$G:$G,'overview sessions'!$P$3)-$C$2 -> 4.4654715 | O47: =AVERAGEIFS(rawdata!$K:$K,rawdata!$A:$A,'overview sessions'!$D13,rawdata!$B:$B,'overview sessions'!$B$41,rawdata!$G:$G,'overview sessions'!$P$3,rawdata!$I:$I,'overview sessions'!$G$5,rawdata!$E:$E,'overview sessions'!G$4)-$C$2 -> 5.0148 | P47: =AVERAGEIFS(rawdata!$K:$K,rawdata!$A:$A,'overview sessions'!$D13,rawdata!$B:$B,'overview sessions'!$B$41,rawdata!$G:$G,'overview sessions'!$P$3,rawdata!$I:$I,'overview sessions'!$G$5,rawdata!$E:$E,'overview sessions'!H$4)-$C$2 -> 4.866255 | Q47: =AVERAGEIFS(rawdata!$K:$K,rawdata!$A:$A,'overview sessions'!$D13,rawdata!$B:$B,'overview sessions'!$B$41,rawdata!$G:$G,'overview sessions'!$P$3,rawdata!$I:$I,'overview sessions'!$G$5,rawdata!$E:$E,'overview sessions'!I$4)-$C$2 -> 2.02526 | R47: =AVERAGEIFS(rawdata!$K:$K,rawdata!$A:$A,'overview sessions'!$D13,rawdata!$B:$B,'overview sessions'!$B$41,rawdata!$G:$G,'overview sessions'!$P$3,rawdata!$I:$I,'overview sessions'!$J$5,rawdata!$E:$E,'overview sessions'!J$4)-$C$2 -> 5.4482833 | S47: =AVERAGEIFS(rawdata!$K:$K,rawdata!$A:$A,'overview sessions'!$D13,rawdata!$B:$B,'overview sessions'!$B$41,rawdata!$G:$G,'overview sessions'!$P$3,rawdata!$I:$I,'overview sessions'!$J$5,rawdata!$E:$E,'overview sessions'!K$4)-$C$2 -> 4.3617725 | T47: =AVERAGEIFS(rawdata!$K:$K,rawdata!$A:$A,'overview sessions'!$D13,rawdata!$B:$B,'overview sessions'!$B$41,rawdata!$G:$G,'overview sessions'!$P$3,rawdata!$I:$I,'overview sessions'!$J$5,rawdata!$E:$E,'overview sessions'!L$4)-$C$2 -> 4.97743
